Booking_ID,adults,children,stays_in_weekend_nights,stays_in_week_nights,meal,required_car_parking_spaces,reserved_room_type,lead_time,arrival_date_year,arrival_date_month,arrival_date_day_of_month,market_segment,is_repeated_guest,previous_cancellations,previous_bookings_not_canceled,adr,total_of_special_requests,is_canceled
INN00018,2,0,1,3,SC,0,A,1,2017,August,10,Online TA,0,0,0,96.0,1,0
INN00220,2,0,2,5,BB,0,A,103,2017,August,22,Online TA,0,0,0,55.96,0,0
INN00236,2,0,2,6,SC,0,A,4,2017,August,14,Online TA,0,0,0,95.13,1,0
INN00267,1,0,0,2,BB,0,A,1,2017,August,12,Complementary,1,0,1,0.0,1,0
INN00268,1,0,2,1,BB,0,A,4,2017,August,23,Complementary,0,0,0,0.0,1,0
INN00279,2,0,0,3,BB,0,A,11,2017,August,18,Online TA,0,0,0,95.33,1,0
INN00293,2,1,1,1,BB,0,A,128,2017,August,8,Online TA,0,0,0,76.5,2,0
INN00331,2,0,0,1,BB,0,A,0,2017,August,11,Online TA,0,0,0,75.0,0,0
INN00348,2,0,0,2,HB,0,A,39,2017,August,14,Offline TA/TO,0,0,0,101.5,0,0
INN00359,2,0,1,2,BB,0,A,3,2017,August,10,Offline TA/TO,0,0,0,63.5,1,0
INN00463,1,0,0,1,BB,0,A,2,2017,August,26,Corporate,0,0,0,65.0,0,0
INN00471,2,0,2,1,HB,0,A,4,2017,August,8,Offline TA/TO,0,0,0,94.5,0,0
INN00473,2,0,0,1,BB,0,A,157,2017,August,14,Online TA,0,0,0,76.5,1,0
INN00623,2,2,0,2,BB,0,F,0,2017,August,25,Online TA,0,0,0,156.0,1,0
INN00716,2,0,1,0,BB,0,A,0,2017,August,9,Online TA,0,0,0,105.0,0,0
INN00745,2,0,2,1,HB,0,A,4,2017,August,8,Offline TA/TO,0,0,0,94.5,0,0
INN00849,2,1,0,1,BB,0,A,3,2017,August,20,Online TA,1,0,1,106.0,3,0
INN00855,2,0,0,1,BB,0,A,0,2017,August,19,Online TA,0,0,0,106.0,2,0
INN00896,2,0,0,2,HB,0,A,39,2017,August,14,Offline TA/TO,0,0,0,109.0,1,0
INN00935,1,0,0,2,BB,0,A,15,2017,August,27,Online TA,0,0,0,80.0,1,1
INN00943,2,0,0,3,BB,0,A,12,2017,August,5,Corporate,0,0,0,65.0,0,0
INN00949,2,0,0,4,BB,0,E,33,2017,August,5,Online TA,0,0,0,67.5,1,1
INN00963,2,0,1,0,BB,0,A,12,2017,August,30,Online TA,0,0,0,90.0,2,0
INN00989,2,0,1,0,BB,0,D,0,2017,August,3,Complementary,0,0,0,0.0,0,0
INN01110,1,0,2,1,HB,0,A,2,2017,August,15,Online TA,0,0,0,72.5,0,1
INN01121,2,0,2,3,BB,0,A,17,2017,August,27,Online TA,0,0,0,90.0,1,0
INN01138,2,0,0,5,BB,0,A,10,2017,August,18,Online TA,0,0,0,90.0,1,0
INN01148,2,1,1,5,BB,1,A,6,2017,August,17,Online TA,0,0,0,104.0,2,0
INN01150,2,2,1,2,BB,0,F,9,2017,August,21,Online TA,0,0,0,115.67,3,0
INN01154,1,0,0,2,BB,0,A,0,2017,August,5,Online TA,0,0,0,80.0,0,0
INN01172,2,0,0,4,BB,0,A,89,2017,August,11,Online TA,0,0,0,76.5,0,1
INN01180,2,0,0,2,HB,0,A,39,2017,August,14,Offline TA/TO,0,0,0,101.5,0,0
INN01194,2,0,1,3,SC,0,A,0,2017,August,10,Online TA,0,0,0,115.0,0,0
INN01327,1,0,0,3,BB,0,A,1,2017,August,5,Corporate,0,0,0,60.0,0,1
INN01368,2,1,2,3,BB,0,A,12,2017,August,27,Online TA,0,0,0,90.0,2,0
INN01433,2,0,0,2,SC,0,A,11,2017,August,28,Online TA,0,0,0,81.0,2,0
INN01452,2,0,1,0,SC,0,D,0,2017,August,17,Online TA,0,0,0,129.0,0,0
INN01491,1,0,2,7,BB,0,A,0,2017,August,25,Complementary,0,0,0,0.0,0,0
INN01567,2,0,0,1,BB,0,A,113,2017,August,22,Online TA,0,0,0,76.5,1,1
INN01586,1,0,2,1,HB,0,A,145,2017,August,29,Offline TA/TO,0,0,0,72.5,0,0
INN01597,2,0,0,1,SC,0,A,0,2017,August,6,Online TA,0,0,0,81.0,2,0
INN01621,2,0,0,2,HB,0,A,39,2017,August,14,Offline TA/TO,0,0,0,101.5,0,0
INN01646,1,0,1,1,BB,0,A,4,2017,August,17,Online TA,0,0,0,128.0,3,0
INN01756,2,0,1,2,BB,0,A,6,2017,August,14,Online TA,0,0,0,95.33,2,0
INN01817,2,0,2,1,HB,0,A,117,2017,August,1,Online TA,0,0,0,94.5,0,1
INN01903,2,2,0,1,BB,0,F,10,2017,August,22,Online TA,0,0,0,97.0,1,0
INN01905,2,0,0,3,BB,0,A,0,2017,August,5,Online TA,0,0,0,90.0,2,0
INN01925,1,0,0,2,HB,0,A,39,2017,August,14,Offline TA/TO,0,0,0,87.0,0,0
INN01938,2,1,2,1,HB,0,A,5,2017,August,15,Offline TA/TO,0,0,0,116.5,0,0
INN01939,2,0,2,1,HB,0,A,117,2017,August,1,Offline TA/TO,0,0,0,94.5,0,0
INN01969,2,0,0,2,SC,0,A,0,2017,August,19,Online TA,0,0,0,97.0,1,0
INN01985,2,0,1,2,BB,0,A,1,2017,August,21,Online TA,0,0,0,90.0,0,0
INN02120,2,0,1,2,BB,0,A,10,2017,August,24,Online TA,0,0,0,90.0,2,0
INN02121,1,0,2,1,HB,0,A,138,2017,August,22,Offline TA/TO,0,0,0,72.5,0,0
INN02159,2,0,2,2,BB,0,F,10,2017,August,29,Online TA,0,0,0,156.0,1,1
INN02291,2,0,0,2,HB,0,A,39,2017,August,14,Offline TA/TO,0,0,0,109.0,0,0
INN02327,2,0,2,1,BB,0,A,142,2017,August,9,Online TA,0,0,0,76.5,1,0
INN02329,2,0,2,4,BB,0,A,6,2017,August,19,Online TA,0,0,0,100.67,2,0
INN02345,2,0,2,1,HB,0,A,124,2017,August,8,Offline TA/TO,0,0,0,94.5,0,0
INN02358,2,0,2,5,BB,0,A,5,2017,August,30,Online TA,0,0,0,110.71,1,0
INN02382,2,0,0,2,HB,0,A,0,2017,August,14,Offline TA/TO,0,0,0,109.0,0,0
INN02389,2,0,2,1,HB,0,A,145,2017,August,29,Offline TA/TO,0,0,0,94.5,0,0
INN02391,2,0,2,5,BB,0,E,13,2017,August,27,Online TA,0,0,0,85.29,1,1
INN02411,2,0,0,2,HB,0,A,39,2017,August,14,Offline TA/TO,0,0,0,109.0,0,0
INN02427,2,0,0,2,HB,0,A,39,2017,August,14,Offline TA/TO,0,0,0,109.0,0,0
INN02446,2,0,1,1,BB,0,A,1,2017,August,10,Online TA,0,0,0,105.0,0,1
INN02472,2,0,0,3,BB,0,A,92,2017,August,6,Offline TA/TO,0,0,0,63.75,1,0
INN02525,2,0,0,4,BB,1,A,1,2017,August,11,Online TA,0,0,0,105.0,1,0
INN02638,2,0,0,2,BB,0,A,4,2017,August,19,Online TA,0,0,0,106.0,1,0
INN02671,2,0,2,3,BB,0,A,6,2017,August,14,Online TA,0,0,0,93.2,0,0
INN02682,2,0,2,1,HB,0,A,117,2017,August,1,Online TA,0,0,0,94.5,0,1
INN02723,2,0,0,2,HB,0,A,39,2017,August,14,Offline TA/TO,0,0,0,109.0,0,0
INN02767,1,0,0,1,BB,0,A,1,2017,August,8,Online TA,0,0,0,80.0,0,0
INN02794,1,0,0,2,BB,0,A,1,2017,August,4,Corporate,0,0,0,65.0,0,1
INN02879,1,0,0,2,BB,0,A,13,2017,August,18,Online TA,0,0,0,80.0,2,0
INN02899,2,2,0,2,SC,0,F,0,2017,August,7,Online TA,0,0,0,153.0,1,0
INN02912,2,0,0,2,HB,0,A,39,2017,August,14,Offline TA/TO,0,0,0,101.5,0,0
INN02923,2,0,2,3,BB,1,A,207,2017,August,21,Online TA,0,0,0,76.5,2,0
INN02925,2,0,0,2,HB,0,A,39,2017,August,14,Offline TA/TO,0,0,0,101.5,0,0
INN02953,2,0,2,1,HB,0,A,4,2017,August,8,Offline TA/TO,0,0,0,94.5,0,0
INN02973,1,0,2,3,BB,0,A,6,2017,August,14,Online TA,0,0,0,83.2,1,0
INN03039,2,0,2,4,BB,0,A,6,2017,August,12,Online TA,0,0,0,90.0,2,0
INN03046,3,0,0,3,BB,0,A,12,2017,August,5,Corporate,0,0,0,90.0,0,0
INN03108,2,0,1,2,BB,0,A,108,2017,August,24,Online TA,0,0,0,76.5,1,0
INN03119,2,2,1,0,BB,0,F,10,2017,August,23,Online TA,0,0,0,153.0,0,0
INN03166,1,0,0,2,BB,0,A,47,2017,August,18,Offline TA/TO,0,0,0,100.0,1,0
INN03199,2,0,1,3,BB,0,A,4,2017,August,17,Online TA,0,0,0,122.0,3,0
INN03209,2,2,0,1,BB,0,F,0,2017,August,21,Online TA,0,0,0,174.0,1,0
INN03312,1,0,1,0,BB,0,A,4,2017,August,31,Corporate,0,0,0,65.0,0,0
INN03335,2,0,0,1,SC,0,A,1,2017,August,7,Online TA,0,0,0,81.0,2,0
INN03336,2,0,0,2,HB,0,A,39,2017,August,14,Offline TA/TO,0,0,0,109.0,0,0
INN03373,2,0,2,5,BB,0,A,4,2017,August,14,Online TA,0,0,0,106.14,1,0
INN03377,2,0,2,1,HB,0,A,131,2017,August,15,Online TA,0,0,0,94.5,0,1
INN03379,2,0,0,2,BB,0,A,11,2017,August,18,Corporate,0,0,0,75.0,0,1
INN03432,2,0,1,3,SC,0,A,3,2017,August,10,Online TA,0,0,0,81.0,1,0
INN03476,2,0,1,4,BB,1,A,83,2017,August,5,Online TA,0,0,0,76.5,1,0
INN03506,2,0,2,4,BB,0,A,6,2017,August,20,Online TA,0,0,0,98.0,1,0
INN03518,2,1,0,3,BB,0,A,1,2017,August,26,Offline TA/TO,0,0,0,99.3,0,0
INN03540,1,0,0,2,BB,0,A,22,2017,August,26,Corporate,0,0,0,65.0,0,0
INN03554,2,0,0,2,HB,0,A,0,2017,August,14,Offline TA/TO,0,0,0,109.0,0,0
INN03596,1,0,0,2,BB,0,A,1,2017,August,12,Complementary,0,0,0,0.0,0,0
INN03608,3,0,0,3,BB,0,A,12,2017,August,20,Online TA,0,0,0,125.0,2,0
INN03612,2,0,0,1,BB,0,A,0,2017,August,13,Online TA,0,0,0,138.0,0,0
INN03616,2,0,0,2,HB,0,A,39,2017,August,14,Offline TA/TO,0,0,0,109.0,0,0
INN03651,2,0,1,3,BB,0,A,5,2017,August,24,Online TA,0,0,0,90.0,2,0
INN03750,2,1,0,1,BB,0,E,15,2017,August,28,Complementary,0,0,0,0.0,4,0
INN03755,2,0,0,2,HB,0,A,39,2017,August,14,Offline TA/TO,0,0,0,101.5,0,0
INN03783,2,0,1,1,BB,0,A,2,2017,August,10,Online TA,0,0,0,98.0,1,0
INN03793,1,0,2,1,HB,0,A,4,2017,August,1,Offline TA/TO,0,0,0,36.25,0,0
INN03812,2,0,1,4,BB,0,A,1,2017,August,26,Online TA,0,0,0,110.8,1,0
INN03848,2,0,2,2,BB,0,A,11,2017,August,22,Online TA,0,0,0,90.0,2,0
INN03930,1,2,0,1,BB,0,F,0,2017,August,8,Online TA,0,0,0,153.0,0,0
INN03945,2,0,0,2,BB,1,A,9,2017,August,20,Online TA,0,0,0,99.0,3,0
INN03959,2,0,0,2,BB,0,A,7,2017,August,19,Corporate,0,0,0,65.0,0,0
INN04000,2,0,0,2,HB,0,A,39,2017,August,14,Offline TA/TO,0,0,0,109.0,0,0
INN04011,2,0,1,1,HB,0,A,16,2017,August,15,Offline TA/TO,0,0,0,104.0,0,0
INN04012,1,0,0,3,BB,0,A,13,2017,August,20,Online TA,0,0,0,80.0,1,1
INN04136,2,0,2,1,HB,0,A,124,2017,August,8,Offline TA/TO,0,0,0,94.5,0,0
INN04158,2,0,1,2,BB,0,E,1,2017,August,14,Complementary,0,0,0,0.0,0,0
INN04173,2,0,2,1,HB,0,A,131,2017,August,15,Online TA,0,0,0,94.5,0,1
INN04285,2,0,0,2,BB,0,A,0,2017,August,13,Online TA,0,0,0,85.0,0,0
INN04296,2,0,2,1,HB,0,A,138,2017,August,22,Offline TA/TO,0,0,0,94.5,0,0
INN04346,2,0,0,2,HB,0,A,0,2017,August,14,Offline TA/TO,0,0,0,109.0,0,0
INN04356,2,0,0,5,BB,0,A,221,2017,August,11,Online TA,0,0,0,76.5,1,1
INN04385,2,0,2,5,BB,0,A,99,2017,August,21,Online TA,0,0,0,76.5,0,1
INN04391,2,0,1,2,BB,0,A,112,2017,August,17,Online TA,0,0,0,76.5,1,0
INN04393,2,0,2,5,BB,0,A,142,2017,August,13,Online TA,0,0,0,76.5,1,0
INN04430,2,0,0,1,BB,0,E,107,2017,August,12,Online TA,0,0,0,76.5,0,0
INN04468,2,0,2,1,BB,0,A,145,2017,August,9,Online TA,0,0,0,76.5,1,1
INN04484,2,0,0,4,SC,0,A,176,2017,August,25,Online TA,0,0,0,49.58,0,1
INN04536,2,0,1,1,BB,0,A,1,2017,August,10,Online TA,0,0,0,105.0,1,0
INN04578,2,0,1,0,BB,0,A,181,2017,August,17,Online TA,0,0,0,76.5,2,0
INN04581,2,0,0,2,HB,0,A,39,2017,August,14,Offline TA/TO,0,0,0,101.5,0,0
INN04603,1,0,0,2,HB,0,A,39,2017,August,14,Offline TA/TO,0,0,0,87.0,0,0
INN04649,2,0,2,0,BB,0,A,1,2017,August,23,Online TA,0,0,0,98.0,2,0
INN04685,2,0,2,0,BB,0,A,0,2017,August,23,Online TA,0,0,0,98.0,0,0
INN04751,2,0,0,2,HB,0,A,0,2017,August,14,Offline TA/TO,0,0,0,109.0,0,0
INN04765,2,0,2,1,HB,0,A,145,2017,August,29,Offline TA/TO,0,0,0,94.5,0,0
INN04781,1,0,0,2,BB,0,A,1,2017,August,4,Corporate,0,0,0,65.0,0,0
INN04783,2,0,1,4,HB,0,A,137,2017,August,17,Offline TA/TO,0,0,0,83.47,0,0
INN04807,1,0,0,3,BB,0,A,12,2017,August,5,Corporate,0,0,0,60.0,0,0
INN04832,2,0,0,1,BB,0,A,2,2017,August,12,Corporate,0,0,0,65.0,0,0
INN04848,2,0,0,2,HB,0,A,39,2017,August,14,Offline TA/TO,0,0,0,109.0,0,0
INN04892,2,0,2,4,BB,0,A,92,2017,August,7,Online TA,0,0,0,76.5,2,1
INN04969,2,1,1,0,BB,0,A,3,2017,August,23,Online TA,0,0,0,90.0,3,0
INN04972,2,0,2,1,HB,0,A,117,2017,August,1,Online TA,0,0,0,94.5,0,1
INN05027,2,0,2,1,HB,0,A,131,2017,August,15,Online TA,0,0,0,94.5,0,1
INN05073,2,1,0,2,BB,0,A,2,2017,August,28,Online TA,0,0,0,123.5,3,0
INN05074,2,0,1,3,BB,0,A,11,2017,August,24,Online TA,0,0,0,90.0,2,0
INN05087,2,0,2,1,HB,0,A,5,2017,August,15,Offline TA/TO,0,0,0,94.5,0,0
INN05162,2,0,1,2,BB,0,A,105,2017,August,10,Online TA,0,0,0,76.5,1,0
INN05257,2,2,1,1,BB,0,F,3,2017,August,24,Online TA,0,0,0,156.0,0,0
INN05281,2,0,1,4,BB,0,A,9,2017,August,31,Online TA,0,0,0,109.0,2,0
INN05287,2,0,0,2,BB,0,A,8,2017,August,26,Online TA,0,0,0,90.0,2,0
INN05301,2,0,0,1,SC,0,A,12,2017,August,22,Online TA,0,0,0,81.0,0,0
INN05361,2,0,0,2,HB,0,A,0,2017,August,14,Offline TA/TO,0,0,0,109.0,0,0
INN05380,2,0,2,1,BB,0,A,130,2017,August,1,Online TA,0,0,0,85.5,1,1
INN05391,1,0,2,4,BB,0,A,17,2017,August,29,Online TA,0,0,0,87.5,1,1
INN05445,2,0,2,5,BB,0,A,171,2017,August,20,Online TA,0,0,0,76.5,0,1
INN05471,2,0,0,2,HB,0,A,39,2017,August,14,Offline TA/TO,0,0,0,109.0,0,0
INN05509,2,0,0,2,HB,0,A,39,2017,August,14,Offline TA/TO,0,0,0,109.0,0,0
INN05550,1,0,0,1,BB,0,A,1,2017,August,6,Online TA,0,0,0,89.0,0,1
INN05564,2,0,0,1,BB,1,A,0,2017,August,11,Online TA,0,0,0,133.0,1,0
INN05602,2,1,2,5,HB,0,A,120,2017,August,20,Offline TA/TO,0,0,0,88.38,4,0
INN05638,2,0,0,2,BB,0,A,11,2017,August,18,Corporate,0,0,0,75.0,0,1
INN05658,2,3,0,1,BB,0,F,17,2017,August,29,Online TA,0,0,0,153.0,2,0
INN05687,2,0,0,3,BB,0,A,12,2017,August,5,Corporate,0,0,0,65.0,0,0
INN05701,2,0,0,3,SC,0,A,10,2017,August,18,Online TA,0,0,0,81.0,2,0
INN05806,1,0,2,1,HB,0,A,138,2017,August,22,Offline TA/TO,0,0,0,72.5,0,0
INN05841,2,0,2,7,BB,0,A,4,2017,August,12,Online TA,0,0,0,93.56,2,0
INN05883,2,0,2,1,HB,0,A,131,2017,August,15,Online TA,0,0,0,94.5,0,1
INN05904,2,0,0,1,BB,0,A,0,2017,August,11,Online TA,0,0,0,75.0,0,1
INN05952,1,0,2,1,HB,0,A,131,2017,August,15,Online TA,0,0,0,36.25,0,1
INN05975,2,0,0,2,HB,0,A,39,2017,August,14,Offline TA/TO,0,0,0,101.5,0,0
INN06063,2,0,2,5,BB,0,A,196,2017,August,16,Online TA,0,0,0,55.96,2,0
INN06079,2,0,1,2,BB,0,A,1,2017,August,28,Online TA,0,0,0,106.0,2,0
INN06137,2,0,2,1,HB,0,A,131,2017,August,15,Offline TA/TO,0,0,0,94.5,0,0
INN06148,2,2,2,3,SC,0,F,1,2017,August,9,Online TA,0,0,0,153.0,1,0
INN06160,2,2,0,2,BB,0,F,11,2017,August,28,Online TA,0,0,0,153.0,2,0
INN06181,2,0,0,3,BB,0,A,12,2017,August,5,Corporate,0,0,0,65.0,0,0
INN06199,2,0,0,4,BB,0,A,6,2017,August,19,Online TA,0,0,0,106.0,2,0
INN06201,2,2,0,4,BB,0,F,10,2017,August,25,Online TA,0,0,0,153.0,1,0
INN06259,2,0,2,6,BB,0,A,119,2017,August,27,Online TA,0,0,0,82.87,1,0
INN06362,2,0,0,2,HB,0,A,39,2017,August,14,Offline TA/TO,0,0,0,101.5,0,0
INN06391,2,2,0,2,BB,0,F,1,2017,August,25,Online TA,0,0,0,156.0,2,0
INN06392,2,0,0,2,HB,0,A,39,2017,August,14,Offline TA/TO,0,0,0,101.5,0,0
INN06438,2,1,1,5,BB,0,A,4,2017,August,17,Online TA,0,0,0,134.17,2,1
INN06585,2,0,2,1,HB,0,A,117,2017,August,1,Online TA,0,0,0,94.5,0,1
INN06599,2,0,2,5,BB,0,A,10,2017,August,31,Offline TA/TO,0,0,0,85.0,0,0
INN06668,2,0,2,3,BB,0,A,93,2017,August,15,Online TA,0,0,0,85.5,1,1
INN06671,3,0,2,1,HB,0,A,11,2017,August,15,Offline TA/TO,0,0,0,138.5,1,0
INN06684,2,0,0,2,HB,0,A,39,2017,August,14,Offline TA/TO,0,0,0,101.5,0,0
INN06833,1,0,0,2,BB,0,A,4,2017,August,12,Online TA,0,0,0,88.0,1,1
INN06851,2,0,2,1,HB,0,A,138,2017,August,22,Online TA,0,0,0,94.5,0,1
INN06943,2,0,2,2,BB,0,A,2,2017,August,8,Online TA,0,0,0,90.0,2,0
INN06963,1,0,2,5,BB,0,A,1,2017,August,8,Online TA,0,0,0,88.0,2,0
INN06971,2,0,2,1,HB,0,A,124,2017,August,8,Online TA,0,0,0,94.5,0,1
INN07057,1,0,2,1,HB,0,A,124,2017,August,8,Offline TA/TO,0,0,0,36.25,0,0
INN07093,3,0,2,1,HB,0,A,138,2017,August,22,Offline TA/TO,0,0,0,138.5,1,0
INN07105,2,0,2,2,BB,1,A,12,2017,August,23,Online TA,0,0,0,99.0,3,0
INN07142,2,0,0,3,BB,0,A,0,2017,August,12,Online TA,0,0,0,138.0,0,0
INN07215,2,0,0,4,BB,0,A,189,2017,August,11,Online TA,0,0,0,76.5,3,0
INN07292,2,0,2,1,HB,0,A,145,2017,August,29,Online TA,0,0,0,94.5,0,1
INN07325,2,0,4,11,BB,0,A,14,2017,August,21,Online TA,0,0,0,94.0,3,0
INN07346,2,0,0,4,BB,0,A,9,2017,August,19,Online TA,0,0,0,90.0,1,0
INN07356,2,0,2,0,BB,0,A,1,2017,August,9,Online TA,0,0,0,98.0,0,0
INN07381,2,2,0,3,BB,0,F,0,2017,August,27,Online TA,0,0,0,161.33,0,1
INN07386,2,0,0,3,BB,1,A,119,2017,August,13,Online TA,0,0,0,85.5,1,0
INN07400,2,0,2,1,HB,0,A,138,2017,August,22,Offline TA/TO,0,0,0,94.5,0,0
INN07413,2,0,0,2,HB,0,A,39,2017,August,14,Offline TA/TO,0,0,0,109.0,0,0
INN07415,2,0,2,4,BB,0,A,9,2017,August,23,Online TA,0,0,0,90.0,2,0
INN07591,3,0,2,3,BB,0,A,12,2017,August,16,Offline TA/TO,0,0,0,68.8,0,0
INN07600,2,0,2,5,BB,0,A,4,2017,August,14,Online TA,0,0,0,106.14,0,0
INN07618,1,0,0,2,HB,0,A,39,2017,August,14,Offline TA/TO,0,0,0,87.0,0,0
INN07656,2,2,0,1,SC,0,F,3,2017,August,13,Online TA,0,0,0,153.0,0,0
INN07724,2,0,0,2,BB,0,E,1,2017,August,12,Online TA,0,0,0,0.0,3,0
INN07725,2,1,0,1,BB,0,A,10,2017,August,28,Online TA,0,0,0,90.0,2,0
INN07762,2,0,0,1,BB,0,A,175,2017,August,5,Online TA,0,0,0,76.5,0,1
INN07764,2,0,2,1,HB,0,A,124,2017,August,8,Offline TA/TO,0,0,0,94.5,0,1
INN07799,2,0,1,2,BB,0,A,0,2017,August,21,Online TA,0,0,0,124.0,0,1
INN07825,2,0,1,2,BB,0,A,2,2017,August,21,Online TA,0,0,0,100.67,2,0
INN07843,2,0,0,2,BB,0,A,3,2017,August,21,Online TA,0,0,0,106.0,2,0
INN07858,1,0,0,1,BB,0,A,0,2017,August,28,Online TA,0,0,0,96.0,2,0
INN07913,2,0,1,0,SC,0,A,1,2017,August,9,Online TA,0,0,0,98.0,0,0
INN07934,2,1,0,1,BB,0,A,13,2017,August,7,Online TA,0,0,0,75.0,2,0
INN08008,2,0,0,3,BB,0,A,12,2017,August,5,Corporate,0,0,0,65.0,0,0
INN08033,2,0,0,2,HB,0,A,0,2017,August,14,Offline TA/TO,0,0,0,109.0,0,0
INN08042,2,0,2,5,SC,0,A,0,2017,August,29,Online TA,0,0,0,99.14,0,0
INN08056,1,0,2,1,BB,0,A,4,2017,August,23,Complementary,0,0,0,0.0,1,0
INN08087,2,0,0,3,SC,0,A,1,2017,August,5,Online TA,0,0,0,80.0,1,0
INN08094,2,0,2,1,BB,1,A,0,2017,August,8,Online TA,0,0,0,98.0,0,0
INN08169,2,0,0,1,SC,0,A,0,2017,August,6,Online TA,0,0,0,81.0,0,0
INN08255,2,0,1,1,BB,0,A,2,2017,August,10,Online TA,0,0,0,98.0,1,1
INN08272,2,0,0,1,SC,0,A,0,2017,August,8,Online TA,0,0,0,89.0,1,0
INN08368,2,2,0,4,SC,0,F,1,2017,August,11,Online TA,0,0,0,153.0,1,0
INN08395,2,0,0,2,HB,0,A,39,2017,August,14,Offline TA/TO,0,0,0,101.5,0,0
INN08412,2,0,0,2,HB,0,A,39,2017,August,14,Offline TA/TO,0,0,0,109.0,0,0
INN08469,2,0,0,4,BB,0,A,177,2017,August,19,Online TA,0,0,0,76.5,2,0
INN08471,2,0,0,4,BB,0,A,6,2017,August,12,Online TA,0,0,0,90.0,2,0
INN08513,2,0,2,1,HB,0,A,145,2017,August,29,Offline TA/TO,0,0,0,94.5,0,0
INN08540,2,0,0,2,HB,0,A,39,2017,August,14,Offline TA/TO,0,0,0,109.0,0,0
INN08546,1,0,0,2,HB,0,A,39,2017,August,14,Offline TA/TO,0,0,0,87.0,0,0
INN08604,2,0,0,3,BB,0,A,12,2017,August,5,Corporate,0,0,0,65.0,0,0
INN08630,1,0,0,1,BB,1,A,0,2017,August,6,Online TA,0,0,0,80.0,2,0
INN08694,2,0,2,2,BB,0,A,112,2017,August,7,Online TA,0,0,0,76.5,1,1
INN08710,2,0,1,0,BB,0,A,0,2017,August,17,Online TA,0,0,0,138.0,0,0
INN08736,2,0,0,2,BB,0,A,0,2017,August,12,Online TA,0,0,0,138.0,0,1
INN08839,2,0,2,3,BB,0,A,192,2017,August,6,Online TA,0,0,0,76.5,2,0
INN08861,2,0,1,3,BB,0,A,5,2017,August,31,Online TA,0,0,0,105.25,2,0
INN08945,2,0,0,2,BB,0,A,88,2017,August,14,Online TA,0,0,0,76.5,0,0
INN08956,2,0,0,1,BB,0,A,1,2017,August,26,Complementary,0,0,0,0.0,0,0
INN08966,1,0,0,3,BB,0,A,4,2017,August,18,Corporate,0,0,0,65.0,0,0
INN09001,2,0,2,3,BB,0,A,207,2017,August,21,Online TA,0,0,0,76.5,3,0
INN09034,2,2,1,0,BB,0,F,6,2017,August,16,Online TA,0,0,0,162.0,0,1
INN09078,2,0,0,2,HB,0,A,0,2017,August,14,Offline TA/TO,0,0,0,109.0,0,0
INN09115,2,0,1,2,BB,0,A,3,2017,August,14,Online TA,0,0,0,126.67,2,0
INN09177,2,0,0,1,BB,0,A,134,2017,August,20,Offline TA/TO,0,0,0,63.75,1,0
INN09202,2,0,0,2,HB,0,A,0,2017,August,14,Offline TA/TO,0,0,0,109.0,0,0
INN09214,2,0,0,2,SC,1,F,0,2017,August,7,Online TA,0,0,0,162.0,1,0
INN09235,2,0,2,1,HB,0,A,145,2017,August,29,Offline TA/TO,0,0,0,94.5,0,0
INN09300,2,0,1,3,BB,0,A,14,2017,August,24,Online TA,0,0,0,90.0,1,0
INN09317,2,0,0,1,SC,0,A,6,2017,August,26,Online TA,0,0,0,97.0,2,0
INN09354,2,0,0,2,HB,0,A,39,2017,August,14,Offline TA/TO,0,0,0,101.5,0,0
INN09375,1,0,0,1,BB,0,A,1,2017,August,28,Corporate,1,1,2,65.0,0,0
INN09383,2,0,2,1,HB,0,A,131,2017,August,15,Offline TA/TO,0,0,0,94.5,0,0
INN09386,2,0,0,5,BB,0,A,4,2017,August,11,Online TA,0,0,0,90.0,2,0
INN09404,1,0,0,1,BB,0,A,3,2017,August,4,Complementary,0,0,0,0.0,0,0
INN09424,2,0,0,2,BB,0,A,11,2017,August,18,Corporate,0,0,0,75.0,0,1
INN09440,2,0,0,2,HB,0,A,39,2017,August,14,Offline TA/TO,0,0,0,101.5,0,0
INN09473,2,0,0,1,BB,0,A,0,2017,August,6,Online TA,0,0,0,81.0,0,0
INN09508,2,0,5,12,BB,0,A,81,2017,August,3,Online TA,0,0,0,76.5,1,1
INN09542,2,0,2,1,HB,0,A,124,2017,August,8,Offline TA/TO,0,0,0,94.5,0,1
INN09650,1,0,3,5,BB,0,A,2,2017,August,9,Online TA,0,0,0,80.0,1,0
INN09652,2,0,0,3,BB,0,A,12,2017,August,5,Corporate,0,0,0,65.0,0,0
INN09656,1,0,0,2,BB,0,D,0,2017,August,11,Complementary,0,0,0,0.0,2,0
INN09695,2,0,0,2,HB,0,A,39,2017,August,14,Offline TA/TO,0,0,0,101.5,0,0
INN09701,2,0,1,3,SC,0,A,0,2017,August,6,Online TA,0,0,0,81.0,0,0
INN09705,1,0,0,1,BB,0,B,0,2017,August,26,Online TA,0,0,0,0.0,1,0
INN09708,2,0,2,2,BB,0,A,145,2017,August,15,Online TA,0,0,0,76.5,1,0
INN09754,2,2,1,1,BB,1,F,3,2017,August,10,Online TA,0,0,0,162.0,0,0
INN09835,2,0,2,1,SC,0,A,4,2017,August,8,Online TA,0,0,0,80.0,1,0
INN09843,2,0,2,1,BB,0,A,12,2017,August,29,Online TA,0,0,0,105.0,1,0
INN10012,2,0,0,2,HB,0,A,39,2017,August,14,Offline TA/TO,0,0,0,101.5,0,0
INN10062,2,9,2,5,BB,0,E,8,2017,August,13,Online TA,0,0,0,76.5,1,1
INN10105,2,0,0,2,BB,0,A,3,2017,August,18,Online TA,0,0,0,122.0,2,0
INN10133,2,0,0,2,HB,0,A,0,2017,August,14,Offline TA/TO,0,0,0,109.0,0,0
INN10185,2,2,0,1,BB,0,F,4,2017,August,27,Online TA,0,0,0,153.0,1,0
INN10194,2,0,1,4,BB,1,A,83,2017,August,5,Online TA,0,0,0,85.5,1,0
INN10203,2,2,2,1,SC,0,F,0,2017,August,8,Online TA,0,0,0,153.0,0,0
INN10209,2,0,2,1,HB,0,A,145,2017,August,29,Offline TA/TO,0,0,0,94.5,0,0
INN10215,1,1,2,1,HB,0,E,117,2017,August,1,Offline TA/TO,0,0,0,80.75,1,0
INN10219,1,0,0,2,HB,0,A,39,2017,August,14,Online TA,0,0,0,0.0,0,0
INN10335,2,0,2,1,HB,0,A,124,2017,August,8,Offline TA/TO,0,0,0,94.5,0,1
INN10351,2,0,1,3,SC,0,A,3,2017,August,10,Online TA,0,0,0,81.0,1,0
INN10401,2,0,0,2,HB,0,A,39,2017,August,14,Offline TA/TO,0,0,0,101.5,0,0
INN10412,2,0,2,1,HB,0,A,131,2017,August,15,Offline TA/TO,0,0,0,94.5,0,1
INN10478,1,0,0,1,BB,0,A,5,2017,August,19,Complementary,0,0,0,0.0,0,0
INN10527,2,0,0,2,HB,0,A,39,2017,August,14,Offline TA/TO,0,0,0,109.0,0,0
INN10554,2,0,0,1,BB,0,A,0,2017,August,27,Online TA,0,0,0,122.0,2,0
INN10560,1,0,0,1,BB,0,A,0,2017,August,11,Online TA,0,0,0,114.0,1,0
INN10577,2,0,0,1,BB,0,A,0,2017,August,7,Online TA,0,0,0,98.0,0,1
INN10630,2,0,2,1,BB,0,A,87,2017,August,9,Online TA,0,0,0,76.5,2,0
INN10668,2,0,0,2,HB,0,A,39,2017,August,14,Offline TA/TO,0,0,0,101.5,0,0
INN10680,2,0,2,1,HB,0,A,124,2017,August,8,Offline TA/TO,0,0,0,94.5,0,1
INN10802,2,2,1,2,SC,1,F,4,2017,August,14,Online TA,0,0,0,162.0,3,0
INN10898,2,0,1,3,BB,0,A,2,2017,August,17,Online TA,0,0,0,122.0,2,0
INN10924,2,0,0,2,HB,0,A,39,2017,August,14,Offline TA/TO,0,0,0,101.5,0,0
INN10980,1,0,0,2,BB,0,A,2,2017,August,19,Complementary,0,0,0,0.0,0,0
INN11024,2,0,0,2,HB,0,A,39,2017,August,14,Offline TA/TO,0,0,0,101.5,0,0
INN11080,2,0,2,1,HB,0,A,145,2017,August,29,Offline TA/TO,0,0,0,94.5,0,0
INN11111,2,0,1,0,BB,0,A,181,2017,August,17,Online TA,0,0,0,76.5,2,0
INN11142,2,0,0,1,BB,0,A,8,2017,August,27,Online TA,0,0,0,90.0,1,0
INN11164,2,0,0,2,HB,0,A,39,2017,August,14,Offline TA/TO,0,0,0,101.5,0,0
INN11177,2,0,0,2,BB,0,A,1,2017,August,20,Online TA,0,0,0,106.0,3,0
INN11199,2,0,0,2,BB,0,E,181,2017,August,6,Online TA,0,0,0,76.5,2,1
INN11215,2,0,2,5,BB,0,A,3,2017,August,17,Corporate,0,0,0,79.2,0,1
INN11274,2,0,0,3,BB,0,A,97,2017,August,19,Online TA,0,0,0,76.5,0,0
INN11415,1,0,0,2,BB,1,A,11,2017,August,25,Online TA,0,0,0,97.0,0,0
INN11424,2,0,2,2,BB,0,A,133,2017,August,14,Online TA,0,0,0,76.5,1,0
INN11469,2,0,0,3,BB,1,A,8,2017,August,13,Online TA,0,0,0,99.0,2,0
INN11491,2,0,2,4,BB,0,A,92,2017,August,7,Online TA,0,0,0,76.5,1,1
INN11523,2,0,0,2,BB,0,A,4,2017,August,19,Online TA,0,0,0,106.0,2,0
INN11589,2,0,0,1,BB,0,E,217,2017,August,7,Online TA,0,0,0,76.5,3,0
INN11617,2,0,0,3,BB,0,A,12,2017,August,5,Corporate,0,0,0,65.0,0,0
INN11646,2,0,0,2,BB,0,A,0,2017,August,25,Online TA,0,0,0,106.0,2,0
INN11666,2,0,0,3,BB,0,A,12,2017,August,5,Corporate,0,0,0,65.0,0,0
INN11668,2,0,0,2,HB,0,A,39,2017,August,14,Offline TA/TO,0,0,0,109.0,0,0
INN11678,2,0,0,2,HB,0,A,39,2017,August,14,Offline TA/TO,0,0,0,109.0,0,0
INN11791,2,0,2,1,HB,0,A,124,2017,August,8,Offline TA/TO,0,0,0,94.5,0,1
INN11839,2,0,2,2,SC,0,A,1,2017,August,8,Online TA,0,0,0,81.0,0,0
INN11843,2,0,0,2,HB,0,A,0,2017,August,14,Offline TA/TO,0,0,0,109.0,0,0
INN11868,2,0,1,0,BB,0,A,15,2017,August,23,Online TA,0,0,0,99.0,0,1
INN11946,2,0,1,3,SC,0,A,10,2017,August,20,Online TA,0,0,0,106.5,2,0
INN12051,2,0,0,4,BB,0,A,204,2017,August,12,Online TA,0,0,0,76.5,3,0
INN12101,2,0,2,1,BB,0,A,0,2017,August,22,Online TA,0,0,0,106.67,0,0
INN12179,2,0,0,2,HB,0,A,0,2017,August,14,Offline TA/TO,0,0,0,109.0,0,0
INN12188,2,0,0,2,HB,0,A,0,2017,August,14,Offline TA/TO,0,0,0,109.0,0,0
INN12198,2,0,2,1,BB,0,A,0,2017,August,15,Online TA,0,0,0,90.0,0,0
INN12221,2,0,0,4,BB,0,E,33,2017,August,5,Online TA,0,0,0,67.5,1,1
INN12238,2,0,0,1,BB,0,A,0,2017,August,7,Online TA,0,0,0,98.0,0,0
INN12264,2,0,0,4,BB,0,A,0,2017,August,5,Online TA,0,0,0,90.0,1,0
INN12308,2,0,1,2,BB,0,A,7,2017,August,17,Online TA,0,0,0,90.0,1,0
INN12350,2,0,2,1,HB,0,A,138,2017,August,22,Offline TA/TO,0,0,0,94.5,0,1
INN12377,2,0,0,3,BB,0,A,84,2017,August,6,Online TA,0,0,0,76.5,1,1
INN12420,2,2,1,2,BB,0,F,9,2017,August,17,Online TA,0,0,0,153.0,1,1
INN12558,2,0,0,2,BB,0,A,13,2017,August,25,Online TA,0,0,0,90.0,1,0
INN12570,2,0,3,6,BB,0,A,140,2017,August,10,Online TA,0,0,0,76.5,2,0
INN12578,2,0,0,2,HB,0,A,39,2017,August,14,Offline TA/TO,0,0,0,101.5,0,0
INN12600,2,0,2,1,BB,0,A,127,2017,August,16,Offline TA/TO,0,0,0,63.75,1,1
INN12628,2,0,1,0,BB,0,A,0,2017,August,3,Complementary,0,0,0,0.0,0,0
INN12629,2,0,0,2,HB,0,A,39,2017,August,14,Offline TA/TO,0,0,0,109.0,0,0
INN12634,2,0,0,2,HB,0,A,39,2017,August,14,Offline TA/TO,0,0,0,101.5,0,0
INN12808,1,0,1,2,BB,0,A,0,2017,August,31,Corporate,0,0,0,95.5,0,0
INN12868,2,0,0,3,BB,0,A,134,2017,August,13,Online TA,0,0,0,76.5,2,0
INN12869,2,1,0,3,BB,0,A,92,2017,August,6,Offline TA/TO,0,0,0,76.08,2,0
INN12874,2,0,0,1,BB,0,A,0,2017,August,11,Complementary,0,0,0,0.0,0,0
INN12887,2,0,0,4,BB,0,A,7,2017,August,26,Online TA,0,0,0,90.0,2,0
INN12896,2,0,0,2,HB,0,A,39,2017,August,14,Offline TA/TO,0,0,0,101.5,0,0
INN12918,2,0,1,3,BB,0,A,0,2017,August,10,Online TA,0,0,0,124.0,0,0
INN12977,2,0,3,10,BB,0,A,1,2017,August,11,Online TA,0,0,0,106.54,0,1
INN13037,2,0,0,3,BB,0,A,12,2017,August,5,Corporate,0,0,0,65.0,0,0
INN13058,2,0,0,2,HB,0,A,39,2017,August,14,Offline TA/TO,0,0,0,109.0,0,0
INN13061,2,0,1,4,BB,0,A,2,2017,August,19,Online TA,0,0,0,102.8,1,0
INN13065,2,0,0,1,BB,0,A,0,2017,August,11,Online TA,0,0,0,99.0,0,0
INN13092,2,0,0,2,BB,0,A,0,2017,August,11,Online TA,0,0,0,124.0,0,0
INN13118,2,2,0,1,SC,0,F,3,2017,August,11,Online TA,0,0,0,153.0,0,0
INN13197,2,0,2,1,HB,0,A,124,2017,August,8,Offline TA/TO,0,0,0,94.5,0,1
INN13222,2,0,0,2,HB,0,A,39,2017,August,14,Offline TA/TO,0,0,0,109.0,0,0
INN13227,1,0,1,2,BB,0,A,3,2017,August,17,Online TA,0,0,0,117.33,0,0
INN13243,2,0,0,3,SC,0,A,8,2017,August,19,Online TA,0,0,0,81.0,2,0
INN13268,1,0,0,2,BB,0,A,5,2017,August,18,Corporate,1,0,1,65.0,0,0
INN13281,1,0,2,2,BB,0,A,6,2017,August,30,Online TA,0,0,0,95.5,2,0
INN13317,2,0,1,3,BB,0,A,3,2017,August,17,Corporate,0,0,0,99.0,0,1
INN13423,2,0,2,1,HB,0,A,117,2017,August,1,Offline TA/TO,0,0,0,94.5,0,1
INN13441,2,0,0,2,HB,0,A,39,2017,August,14,Offline TA/TO,0,0,0,101.5,0,0
INN13475,2,0,0,2,HB,0,A,39,2017,August,14,Offline TA/TO,0,0,0,109.0,0,0
INN13503,2,0,2,0,BB,1,A,2,2017,August,9,Online TA,0,0,0,99.0,2,0
INN13506,1,0,0,2,HB,0,A,39,2017,August,14,Offline TA/TO,0,0,0,87.0,0,0
INN13515,2,0,0,2,SC,0,A,3,2017,August,11,Online TA,0,0,0,89.0,0,0
INN13587,2,0,2,1,HB,0,A,145,2017,August,29,Offline TA/TO,0,0,0,94.5,0,0
INN13589,2,0,2,1,HB,0,A,117,2017,August,1,Offline TA/TO,0,0,0,94.5,0,0
INN13627,2,0,2,3,BB,0,A,148,2017,August,28,Online TA,0,0,0,79.9,2,1
INN13652,2,0,0,3,BB,0,A,104,2017,August,18,Online TA,0,0,0,76.5,0,1
INN13675,2,2,0,2,SC,1,F,1,2017,August,11,Online TA,0,0,0,162.0,0,0
INN13713,2,0,0,2,HB,0,A,39,2017,August,14,Offline TA/TO,0,0,0,109.0,0,0
INN13787,1,0,0,2,BB,0,A,101,2017,August,6,Online TA,0,0,0,68.0,1,0
INN13788,2,0,0,2,HB,0,A,39,2017,August,14,Offline TA/TO,0,0,0,101.5,0,0
INN13820,1,0,0,1,BB,0,A,6,2017,August,12,Corporate,0,0,0,65.0,0,0
INN13852,2,0,0,2,HB,0,A,0,2017,August,14,Offline TA/TO,0,0,0,109.0,0,0
INN13860,2,0,1,2,BB,0,A,11,2017,August,21,Online TA,0,0,0,90.0,0,0
INN13885,2,0,0,2,HB,0,A,39,2017,August,14,Offline TA/TO,0,0,0,109.0,0,0
INN13886,2,0,2,1,HB,0,A,145,2017,August,29,Offline TA/TO,0,0,0,94.5,0,0
INN13942,2,0,0,2,HB,0,A,0,2017,August,14,Offline TA/TO,0,0,0,109.0,0,0
INN13949,2,0,0,3,BB,0,A,12,2017,August,5,Corporate,0,0,0,65.0,0,0
INN13966,2,0,0,2,HB,0,A,0,2017,August,14,Offline TA/TO,0,0,0,109.0,0,0
INN13968,1,0,1,4,BB,0,A,13,2017,August,31,Online TA,0,0,0,92.0,2,1
INN14024,2,0,2,1,HB,0,A,124,2017,August,8,Offline TA/TO,0,0,0,94.5,0,0
INN14033,2,0,0,3,BB,0,A,12,2017,August,5,Corporate,0,0,0,65.0,0,0
INN14077,2,0,0,1,BB,0,A,0,2017,August,6,Online TA,0,0,0,90.0,0,0
INN14103,2,0,0,1,BB,0,A,22,2017,August,21,Offline TA/TO,0,0,0,75.0,0,0
INN14169,2,0,2,1,HB,0,A,117,2017,August,1,Offline TA/TO,0,0,0,94.5,0,1
INN14176,2,0,0,1,BB,0,A,17,2017,August,29,Online TA,0,0,0,90.0,1,0
INN14199,2,0,0,1,BB,0,D,10,2017,August,21,Complementary,0,0,0,0.0,2,0
INN14204,2,0,0,1,SC,0,A,0,2017,August,6,Online TA,0,0,0,81.0,0,0
INN14215,2,0,0,2,HB,0,A,39,2017,August,14,Offline TA/TO,0,0,0,101.5,0,0
INN14221,3,0,2,1,HB,0,A,1,2017,August,15,Offline TA/TO,0,0,0,138.5,1,0
INN14332,2,0,0,2,HB,0,A,39,2017,August,14,Offline TA/TO,0,0,0,101.5,0,0
INN14346,2,0,1,3,BB,0,F,5,2017,August,31,Online TA,0,0,0,155.25,1,0
INN14353,1,0,0,2,HB,0,A,8,2017,August,14,Offline TA/TO,0,0,0,87.0,0,0
INN14389,1,0,2,1,HB,0,A,3,2017,August,22,Offline TA/TO,0,0,0,36.25,0,0
INN14400,2,0,1,5,BB,0,A,5,2017,August,10,Online TA,0,0,0,90.0,1,0
INN14481,2,0,2,1,BB,0,E,3,2017,August,9,Offline TA/TO,0,0,0,65.0,2,0
INN14553,2,0,0,1,BB,0,A,4,2017,August,15,Online TA,0,0,0,124.0,1,0
INN14555,2,0,0,1,BB,0,A,0,2017,August,18,Online TA,0,0,0,124.0,0,0
INN14603,2,0,0,3,SC,0,F,3,2017,August,11,Online TA,0,0,0,153.0,0,1
INN14646,1,0,0,1,BB,0,A,1,2017,August,11,Online TA,0,0,0,95.0,2,0
INN14647,2,0,0,4,BB,0,A,0,2017,August,12,Online TA,0,0,0,76.5,1,0
INN14649,2,0,2,1,HB,0,A,117,2017,August,1,Offline TA/TO,0,0,0,94.5,0,0
INN14658,2,0,0,1,BB,0,A,0,2017,August,19,Online TA,0,0,0,106.0,2,0
INN14696,2,0,1,2,BB,0,A,13,2017,August,24,Online TA,0,0,0,90.0,2,0
INN14825,2,0,2,1,BB,0,A,5,2017,August,16,Online TA,0,0,0,105.0,2,0
INN14829,2,0,0,2,BB,0,A,102,2017,August,21,Online TA,0,0,0,76.5,1,0
INN14872,2,0,0,2,BB,0,A,119,2017,August,5,Online TA,0,0,0,76.5,0,0
INN14886,2,0,0,1,BB,1,A,1,2017,August,11,Online TA,0,0,0,105.0,1,0
INN14903,2,0,0,2,BB,0,A,7,2017,August,26,Online TA,0,0,0,90.0,2,0
INN15004,2,0,2,1,HB,0,A,117,2017,August,1,Offline TA/TO,0,0,0,94.5,0,0
INN15090,2,0,1,1,HB,0,A,16,2017,August,15,Offline TA/TO,0,0,0,104.0,0,0
INN15109,2,0,0,2,HB,0,A,0,2017,August,14,Offline TA/TO,0,0,0,109.0,0,0
INN15157,3,0,2,1,HB,0,A,138,2017,August,22,Offline TA/TO,0,0,0,138.5,1,0
INN15228,1,0,1,3,BB,0,A,21,2017,August,31,Online TA,0,0,0,91.25,1,1
INN15261,2,0,0,2,SC,1,A,0,2017,August,4,Online TA,0,0,0,80.0,1,0
INN15269,2,0,1,2,BB,0,A,2,2017,August,21,Online TA,0,0,0,100.67,2,0
INN15286,2,0,2,5,BB,0,A,196,2017,August,16,Online TA,0,0,0,55.96,2,0
INN15296,2,0,0,4,BB,0,A,118,2017,August,26,Online TA,0,0,0,58.9,1,1
INN15354,2,0,0,2,HB,0,A,0,2017,August,14,Offline TA/TO,0,0,0,109.0,0,0
INN15370,2,0,0,1,BB,0,A,11,2017,August,28,Online TA,0,0,0,90.0,2,0
INN15421,2,2,0,1,BB,0,F,2,2017,August,26,Online TA,0,0,0,156.0,2,0
INN15456,2,0,2,1,HB,0,A,124,2017,August,8,Offline TA/TO,0,0,0,94.5,0,1
INN15511,2,0,2,1,HB,0,A,2,2017,August,1,Offline TA/TO,0,0,0,94.5,0,1
INN15555,2,0,1,1,BB,1,A,92,2017,August,17,Online TA,0,0,0,85.5,0,0
INN15638,1,0,2,1,HB,0,A,2,2017,August,15,Offline TA/TO,0,0,0,72.5,0,0
INN15676,2,0,0,1,SC,1,A,0,2017,August,6,Online TA,0,0,0,90.0,1,0
INN15704,2,0,1,4,BB,0,A,19,2017,August,31,Online TA,0,0,0,102.0,0,0
INN15733,2,0,0,2,HB,0,A,39,2017,August,14,Offline TA/TO,0,0,0,101.5,0,0
INN15757,2,0,2,1,HB,0,A,2,2017,August,1,Offline TA/TO,0,0,0,94.5,0,1
INN15765,2,0,2,2,BB,0,A,1,2017,August,8,Online TA,0,0,0,90.0,2,0
INN15802,1,0,2,1,HB,0,A,145,2017,August,29,Offline TA/TO,0,0,0,72.5,0,0
INN15810,2,0,2,1,HB,0,A,117,2017,August,1,Offline TA/TO,0,0,0,94.5,0,1
INN15819,2,0,1,2,BB,0,A,6,2017,August,14,Online TA,0,0,0,95.33,2,0
INN15911,2,0,2,1,HB,0,A,131,2017,August,15,Offline TA/TO,0,0,0,94.5,0,0
INN15922,2,0,0,4,BB,0,A,204,2017,August,12,Online TA,0,0,0,76.5,3,0
INN15937,2,0,0,3,BB,0,A,12,2017,August,5,Corporate,0,0,0,65.0,0,0
INN15966,2,0,0,3,BB,0,A,8,2017,August,13,Online TA,0,0,0,90.0,2,0
INN15968,2,0,2,1,HB,0,A,2,2017,August,1,Offline TA/TO,0,0,0,94.5,0,1
INN15976,2,0,0,2,HB,0,A,0,2017,August,14,Offline TA/TO,0,0,0,109.0,0,0
INN15983,2,0,0,2,HB,0,A,39,2017,August,14,Offline TA/TO,0,0,0,109.0,0,0
INN15984,2,0,2,1,HB,0,A,145,2017,August,29,Offline TA/TO,0,0,0,94.5,0,0
INN16039,2,0,2,1,HB,0,A,117,2017,August,1,Offline TA/TO,0,0,0,94.5,0,0
INN16175,2,0,2,5,BB,0,A,18,2017,August,29,Online TA,0,0,0,98.57,2,1
INN16208,1,0,0,2,BB,0,A,109,2017,August,4,Online TA,0,0,0,68.0,2,0
INN16243,2,0,0,5,BB,0,A,4,2017,August,11,Online TA,0,0,0,90.0,2,0
INN16376,1,0,0,1,BB,0,A,1,2017,August,26,Online TA,0,0,0,0.0,2,0
INN16487,2,0,0,2,HB,0,A,39,2017,August,14,Offline TA/TO,0,0,0,109.0,0,0
INN16529,2,2,0,1,BB,0,F,0,2017,August,22,Online TA,0,0,0,174.0,1,0
INN16591,2,0,0,2,HB,0,A,39,2017,August,14,Offline TA/TO,0,0,0,101.5,0,0
INN16602,2,0,0,2,BB,0,E,181,2017,August,6,Online TA,0,0,0,76.5,2,1
INN16639,2,0,0,1,BB,0,A,11,2017,August,7,Online TA,0,0,0,75.0,1,0
INN16666,2,0,2,1,BB,0,A,5,2017,August,16,Online TA,0,0,0,105.0,2,0
INN16712,2,0,2,3,BB,0,A,93,2017,August,15,Online TA,0,0,0,76.5,2,1
INN16722,2,0,0,2,BB,0,A,13,2017,August,18,Online TA,0,0,0,90.0,2,0
INN16776,1,2,1,2,BB,0,A,9,2017,August,17,Online TA,0,0,0,153.0,2,0
INN16800,2,0,2,4,BB,0,A,163,2017,August,19,Online TA,0,0,0,76.5,2,0
INN16857,1,0,0,1,BB,0,A,10,2017,August,29,Offline TA/TO,0,0,0,67.0,0,0
INN16870,2,0,0,2,HB,0,A,39,2017,August,14,Offline TA/TO,0,0,0,109.0,0,0
INN16888,2,0,0,3,BB,0,A,0,2017,August,11,Online TA,0,0,0,124.0,0,0
INN16964,2,0,2,3,BB,0,A,141,2017,August,7,Online TA,0,0,0,76.5,0,0
INN16973,1,0,0,2,BB,0,A,0,2017,August,25,Complementary,1,0,1,0.0,0,0
INN16988,2,0,0,1,BB,0,E,107,2017,August,12,Online TA,0,0,0,90.0,1,0
INN16997,2,0,1,3,SC,0,A,0,2017,August,10,Online TA,0,0,0,115.0,0,0
INN17039,1,0,0,1,BB,0,A,0,2017,August,11,Online TA,0,0,0,99.0,0,0
INN17059,2,1,2,1,BB,0,A,2,2017,August,15,Offline TA/TO,0,0,0,68.5,0,1
INN17077,2,0,1,0,SC,0,A,0,2017,August,10,Online TA,0,0,0,75.0,0,1
INN17100,1,0,2,2,BB,0,A,5,2017,August,15,Online TA,0,0,0,99.75,0,1
INN17134,2,0,0,1,BB,0,A,0,2017,August,12,Online TA,0,0,0,138.0,0,1
INN17191,1,0,0,2,BB,0,A,1,2017,August,18,Corporate,0,0,0,65.0,0,0
INN17197,2,0,2,1,HB,0,A,145,2017,August,29,Offline TA/TO,0,0,0,94.5,0,0
INN17218,1,0,4,10,BB,0,A,17,2017,August,28,Online TA,0,0,0,97.77,1,1
INN17336,2,0,2,1,HB,0,A,138,2017,August,22,Offline TA/TO,0,0,0,47.25,0,0
INN17373,2,0,2,3,BB,0,A,151,2017,August,21,Online TA,0,0,0,76.5,2,0
INN17391,2,0,0,2,HB,0,A,39,2017,August,14,Offline TA/TO,0,0,0,109.0,0,0
INN17412,2,0,0,3,BB,0,A,12,2017,August,5,Corporate,0,0,0,65.0,0,0
INN17415,2,0,1,0,SC,0,A,1,2017,August,10,Online TA,0,0,0,96.0,2,0
INN17476,2,0,0,2,HB,0,A,39,2017,August,14,Offline TA/TO,0,0,0,109.0,0,0
INN17521,2,0,1,2,BB,1,A,0,2017,August,10,Online TA,0,0,0,115.0,0,0
INN17530,2,0,0,1,BB,0,A,12,2017,August,29,Online TA,0,0,0,90.0,2,0
INN17533,2,3,2,0,BB,0,F,0,2017,August,9,Online TA,0,0,0,153.0,0,0
INN17579,1,0,2,1,HB,0,A,9,2017,August,15,Offline TA/TO,0,0,0,36.25,0,0
INN17588,2,0,1,1,BB,0,A,0,2017,August,17,Corporate,0,0,0,72.0,0,0
INN17620,2,0,2,4,BB,0,A,3,2017,August,13,Online TA,0,0,0,94.0,2,0
INN17654,2,0,1,5,BB,0,A,3,2017,August,17,Corporate,0,0,0,79.2,0,1
INN17691,2,0,2,1,BB,0,A,10,2017,August,29,Online TA,0,0,0,90.0,1,0
INN17719,2,0,1,2,BB,0,E,1,2017,August,14,Complementary,0,0,0,0.0,0,0
INN17835,2,0,0,2,HB,0,A,39,2017,August,14,Offline TA/TO,0,0,0,101.5,0,0
INN17891,2,0,2,10,BB,0,A,4,2017,August,18,Online TA,0,0,0,99.33,0,1
INN17956,2,0,0,3,BB,0,A,150,2017,August,13,Online TA,0,0,0,76.5,2,0
INN17977,2,0,1,2,BB,0,A,3,2017,August,17,Corporate,0,0,0,120.0,0,1
INN17987,2,2,0,2,BB,0,F,10,2017,August,20,Online TA,0,0,0,153.0,0,0
INN17989,2,2,1,1,SC,1,F,5,2017,August,15,Online TA,0,0,0,153.0,1,0
INN17994,2,0,0,2,HB,0,A,39,2017,August,14,Offline TA/TO,0,0,0,101.5,0,0
INN18062,2,0,0,1,BB,0,A,0,2017,August,6,Complementary,0,0,0,0.0,0,0
INN18122,2,0,1,0,SC,0,A,0,2017,August,10,Online TA,0,0,0,115.0,0,0
INN18185,2,0,0,2,BB,0,A,4,2017,August,27,Online TA,0,0,0,79.0,2,0
INN18228,2,0,0,1,BB,1,A,1,2017,August,29,Online TA,0,0,0,106.0,2,0
INN18240,2,0,2,1,HB,0,A,131,2017,August,15,Offline TA/TO,0,0,0,94.5,0,0
INN18263,2,0,0,2,HB,0,A,39,2017,August,14,Offline TA/TO,0,0,0,109.0,0,0
INN18304,2,0,2,1,HB,0,A,131,2017,August,15,Offline TA/TO,0,0,0,94.5,0,1
INN18325,2,0,2,1,BB,0,A,1,2017,August,16,Online TA,0,0,0,138.0,2,0
INN18333,2,0,1,2,BB,0,A,3,2017,August,17,Corporate,0,0,0,120.0,0,1
INN18338,2,0,2,1,HB,0,A,131,2017,August,15,Offline TA/TO,0,0,0,94.5,0,1
INN18398,2,0,1,1,BB,0,A,3,2017,August,22,Online TA,0,0,0,98.0,2,0
INN18443,2,0,2,3,BB,0,A,90,2017,August,23,Online TA,0,0,0,76.5,0,0
INN18498,2,0,2,1,HB,0,A,131,2017,August,15,Offline TA/TO,0,0,0,94.5,0,0
INN18511,2,1,0,2,BB,0,A,2,2017,August,21,Online TA,0,0,0,123.5,3,0
INN18671,2,0,0,2,HB,0,A,39,2017,August,14,Offline TA/TO,0,0,0,101.5,0,0
INN18717,2,0,2,4,BB,0,A,8,2017,August,28,Online TA,0,0,0,105.67,2,0
INN18730,2,0,1,2,SC,0,A,0,2017,August,31,Online TA,0,0,0,96.33,1,0
INN18741,2,0,0,2,HB,0,A,39,2017,August,14,Offline TA/TO,0,0,0,101.5,0,0
INN18785,1,0,2,1,BB,0,A,4,2017,August,23,Complementary,0,0,0,0.0,1,0
INN18790,2,0,2,3,BB,0,A,6,2017,August,21,Online TA,0,0,0,96.4,0,0
INN18801,2,0,1,0,SC,0,A,0,2017,August,10,Online TA,0,0,0,115.0,0,0
INN18828,1,0,1,4,BB,0,A,1,2017,August,31,Online TA,0,0,0,92.0,2,0
INN18834,2,0,1,5,SC,0,A,6,2017,August,10,Online TA,0,0,0,80.0,1,0
INN18858,1,0,0,1,BB,0,A,6,2017,August,12,Corporate,0,0,0,65.0,0,0
INN18888,2,0,0,2,SC,0,A,1,2017,August,7,Online TA,0,0,0,81.0,1,0
INN18911,2,2,2,2,SC,0,F,8,2017,August,16,Online TA,0,0,0,153.0,1,0
INN18915,2,0,0,1,SC,0,A,0,2017,August,7,Online TA,0,0,0,81.0,2,0
INN18961,2,0,0,1,BB,0,A,13,2017,August,7,Online TA,0,0,0,75.0,1,0
INN18995,1,0,0,2,BB,0,A,5,2017,August,26,Corporate,0,0,0,65.0,0,1
INN19059,2,0,0,2,HB,0,A,39,2017,August,14,Offline TA/TO,0,0,0,109.0,0,0
INN19071,2,0,0,2,BB,0,A,123,2017,August,12,Online TA,0,0,0,76.5,1,0
INN19169,2,0,1,0,BB,0,A,0,2017,August,10,Online TA,0,0,0,115.0,1,0
INN19231,2,0,2,3,BB,0,A,18,2017,August,30,Online TA,0,0,0,89.0,1,1
INN19247,2,0,0,1,BB,0,A,5,2017,August,15,Online TA,0,0,0,124.0,2,0
INN19291,2,0,0,2,HB,0,A,39,2017,August,14,Offline TA/TO,0,0,0,101.5,0,0
INN19333,2,0,0,3,BB,0,A,12,2017,August,5,Corporate,0,0,0,65.0,0,0
INN19335,2,1,0,2,SC,0,A,0,2017,August,7,Online TA,0,0,0,81.0,2,0
INN19366,2,0,0,1,BB,0,A,113,2017,August,22,Online TA,0,0,0,76.5,2,1
INN19392,2,0,2,1,HB,0,A,138,2017,August,22,Offline TA/TO,0,0,0,94.5,0,1
INN19436,2,2,0,1,SC,0,F,10,2017,August,20,Online TA,0,0,0,153.0,1,0
INN19443,2,2,0,1,BB,0,F,0,2017,August,25,Online TA,0,0,0,156.0,0,0
INN19446,2,0,0,3,BB,0,A,13,2017,August,20,Online TA,0,0,0,90.0,2,0
INN19509,2,0,2,1,HB,0,A,131,2017,August,15,Offline TA/TO,0,0,0,94.5,0,1
INN19558,2,0,1,1,SC,1,A,7,2017,August,15,Online TA,0,0,0,85.0,0,0
INN19593,2,0,0,2,HB,0,A,39,2017,August,14,Offline TA/TO,0,0,0,101.5,0,0
INN19599,1,0,0,2,BB,0,A,1,2017,August,11,Corporate,0,0,0,70.0,0,1
INN19672,2,0,0,3,BB,0,A,1,2017,August,11,Online TA,0,0,0,105.0,3,0
INN19749,2,0,0,2,BB,0,A,15,2017,August,27,Online TA,0,0,0,90.0,1,0
INN19803,2,0,2,1,HB,0,A,145,2017,August,29,Offline TA/TO,0,0,0,94.5,0,0
INN19820,2,0,2,1,HB,0,A,124,2017,August,8,Offline TA/TO,0,0,0,94.5,0,0
INN19824,2,0,2,3,BB,0,A,13,2017,August,30,Online TA,0,0,0,99.0,2,0
INN19867,2,0,0,2,HB,0,A,39,2017,August,14,Offline TA/TO,0,0,0,101.5,0,0
INN19923,2,0,2,2,BB,0,A,12,2017,August,23,Online TA,0,0,0,90.0,3,0
INN19993,1,0,1,0,BB,0,A,0,2017,August,23,Online TA,0,0,0,80.0,0,0
INN20016,1,0,1,2,BB,0,A,12,2017,August,31,Online TA,0,0,0,90.0,1,0
INN20058,2,0,2,1,HB,0,A,117,2017,August,1,Offline TA/TO,0,0,0,94.5,0,1
INN20068,2,0,0,2,HB,0,A,39,2017,August,14,Offline TA/TO,0,0,0,101.5,0,0
INN20130,2,0,5,12,BB,0,A,77,2017,August,3,Online TA,0,0,0,76.5,0,1
INN20218,2,0,0,4,BB,0,A,118,2017,August,26,Online TA,0,0,0,58.9,1,1
INN20237,2,0,1,3,BB,0,A,147,2017,August,10,Online TA,0,0,0,55.96,0,0
INN20258,1,0,0,2,BB,0,A,22,2017,August,26,Corporate,0,0,0,65.0,0,0
INN20268,2,2,0,2,SC,0,F,2,2017,August,12,Online TA,0,0,0,153.0,1,0
INN20349,2,0,0,2,HB,0,A,39,2017,August,14,Offline TA/TO,0,0,0,101.5,0,0
INN20368,2,0,0,2,HB,0,A,39,2017,August,14,Offline TA/TO,0,0,0,101.5,0,0
INN20374,2,0,0,2,HB,0,A,39,2017,August,14,Offline TA/TO,0,0,0,101.5,0,0
INN20431,2,0,0,2,BB,0,A,11,2017,August,18,Online TA,0,0,0,90.0,1,0
INN20492,2,0,2,3,BB,0,A,192,2017,August,6,Online TA,0,0,0,76.5,2,0
INN20597,2,0,0,2,HB,0,A,0,2017,August,14,Offline TA/TO,0,0,0,109.0,0,0
INN20610,1,0,0,3,BB,0,A,12,2017,August,5,Complementary,0,0,0,0.0,0,0
INN20725,1,0,0,2,HB,0,A,39,2017,August,14,Offline TA/TO,0,0,0,87.0,0,0
INN20730,2,0,1,3,SC,0,A,1,2017,August,10,Online TA,0,0,0,96.0,0,0
INN20790,2,0,2,4,BB,0,A,107,2017,August,9,Offline TA/TO,0,0,0,63.75,1,1
INN20793,1,2,0,2,BB,1,A,3,2017,August,11,Online TA,0,0,0,107.0,0,0
INN20903,2,0,0,2,HB,0,A,39,2017,August,14,Offline TA/TO,0,0,0,109.0,0,0
INN20926,2,0,0,2,HB,0,A,39,2017,August,14,Offline TA/TO,0,0,0,101.5,0,0
INN21053,1,0,0,1,BB,0,B,0,2017,August,26,Online TA,0,0,0,0.0,1,0
INN21128,2,0,1,0,BB,0,A,0,2017,August,31,Online TA,0,0,0,106.0,0,0
INN21180,2,0,0,2,BB,1,A,141,2017,August,5,Online TA,0,0,0,85.5,1,0
INN21215,1,0,1,2,BB,0,A,0,2017,August,31,Corporate,0,0,0,65.0,0,0
INN21251,2,0,0,5,BB,0,A,10,2017,August,18,Online TA,0,0,0,90.0,2,0
INN21323,2,0,2,1,HB,0,A,131,2017,August,15,Offline TA/TO,0,0,0,94.5,0,1
INN21376,2,0,2,3,BB,0,A,109,2017,August,9,Online TA,0,0,0,76.5,1,0
INN21378,2,0,0,3,BB,0,A,7,2017,August,5,Offline TA/TO,0,0,0,66.0,1,0
INN21417,1,0,0,1,BB,0,A,2,2017,August,26,Corporate,0,0,0,65.0,0,0
INN21433,0,2,0,3,BB,0,E,104,2017,August,11,Online TA,0,0,0,6.0,2,0
INN21441,1,2,0,2,BB,0,E,1,2017,August,12,Online TA,0,0,0,0.0,4,0
INN21456,2,0,0,1,BB,0,A,0,2017,August,19,Online TA,0,0,0,106.0,2,0
INN21511,2,0,0,2,HB,0,A,39,2017,August,14,Offline TA/TO,0,0,0,101.5,0,0
INN21533,1,0,3,10,BB,0,A,5,2017,August,17,Online TA,0,0,0,92.31,2,1
INN21651,2,0,0,2,HB,0,A,39,2017,August,14,Offline TA/TO,0,0,0,109.0,0,0
INN21661,2,0,2,1,HB,0,A,124,2017,August,8,Offline TA/TO,0,0,0,94.5,0,1
INN21663,2,0,2,0,BB,1,A,2,2017,August,9,Online TA,0,0,0,99.0,2,0
INN21743,1,0,0,1,BB,0,A,1,2017,August,5,Complementary,0,0,0,6.0,0,0
INN21829,2,0,0,2,BB,0,A,0,2017,August,13,Online TA,0,0,0,85.0,0,0
INN21859,2,0,2,1,BB,0,A,0,2017,August,22,Online TA,0,0,0,124.0,1,0
INN21872,2,0,0,3,BB,0,A,1,2017,August,11,Online TA,0,0,0,105.0,3,0
INN21917,2,0,0,3,BB,0,A,12,2017,August,5,Corporate,0,0,0,65.0,0,0
INN21938,2,0,0,2,HB,0,A,0,2017,August,14,Offline TA/TO,0,0,0,109.0,0,0
INN22000,2,0,0,2,HB,0,A,39,2017,August,14,Offline TA/TO,0,0,0,109.0,0,0
INN22020,2,0,0,1,BB,0,A,11,2017,August,29,Online TA,0,0,0,90.0,2,0
INN22108,2,0,0,1,BB,0,A,118,2017,August,20,Offline TA/TO,0,0,0,63.75,0,1
INN22142,1,0,0,2,HB,0,A,39,2017,August,14,Offline TA/TO,0,0,0,87.0,0,0
INN22151,2,0,2,1,HB,0,A,124,2017,August,8,Offline TA/TO,0,0,0,94.5,0,1
INN22183,2,0,0,2,HB,0,A,39,2017,August,14,Offline TA/TO,0,0,0,109.0,0,0
INN22278,2,0,2,1,HB,0,A,145,2017,August,29,Offline TA/TO,0,0,0,94.5,0,0
INN22290,1,0,0,2,BB,0,A,1,2017,August,20,Complementary,1,0,1,0.0,0,0
INN22375,2,0,0,2,BB,0,A,0,2017,August,7,Online TA,0,0,0,98.0,0,0
INN22397,1,0,0,2,HB,0,A,39,2017,August,14,Offline TA/TO,0,0,0,87.0,0,0
INN22407,1,0,0,1,BB,0,A,1,2017,August,20,Complementary,0,0,0,0.0,0,0
INN22411,2,0,2,1,HB,0,A,117,2017,August,1,Offline TA/TO,0,0,0,94.5,0,1
INN22429,2,2,0,2,BB,0,F,7,2017,August,19,Online TA,0,0,0,97.0,1,0
INN22430,2,0,1,5,BB,0,A,8,2017,August,18,Online TA,0,0,0,90.0,1,0
INN22499,2,0,0,2,HB,0,A,39,2017,August,14,Offline TA/TO,0,0,0,109.0,0,0
INN22501,2,0,1,1,BB,0,A,4,2017,August,10,Offline TA/TO,0,0,0,75.0,0,1
INN22675,2,0,0,2,HB,0,A,39,2017,August,14,Offline TA/TO,0,0,0,109.0,0,0
INN22687,2,0,2,3,BB,0,A,17,2017,August,27,Online TA,0,0,0,105.0,2,0
INN22725,1,0,0,3,BB,0,A,1,2017,August,11,Online TA,0,0,0,114.0,0,0
INN22796,1,0,0,2,BB,0,A,1,2017,August,7,Online TA,0,0,0,80.0,1,0
INN22837,2,0,2,1,HB,0,A,117,2017,August,1,Offline TA/TO,0,0,0,94.5,0,1
INN22875,1,0,2,3,BB,0,A,4,2017,August,23,Online TA,0,0,0,80.0,0,1
INN22938,1,0,1,0,BB,0,A,3,2017,August,2,Complementary,0,0,0,0.0,1,0
INN22951,2,0,1,2,BB,0,A,121,2017,August,10,Online TA,0,0,0,76.5,0,1
INN22985,2,0,0,1,BB,0,E,107,2017,August,12,Online TA,0,0,0,76.5,0,0
INN22988,2,0,0,2,HB,0,A,39,2017,August,14,Offline TA/TO,0,0,0,101.5,0,0
INN23056,1,0,0,2,HB,0,A,39,2017,August,14,Offline TA/TO,0,0,0,87.0,0,0
INN23072,2,0,0,1,SC,0,D,0,2017,August,18,Online TA,0,0,0,129.0,0,0
INN23121,2,0,0,2,BB,0,A,0,2017,August,11,Complementary,0,0,0,0.0,0,0
INN23164,2,2,2,0,BB,0,F,1,2017,August,9,Online TA,0,0,0,153.0,1,0
INN23175,2,0,0,1,SC,0,D,0,2017,August,18,Online TA,0,0,0,129.0,0,0
INN23181,2,0,2,1,HB,0,A,131,2017,August,15,Offline TA/TO,0,0,0,94.5,0,1
INN23189,2,0,0,2,HB,0,A,39,2017,August,14,Offline TA/TO,0,0,0,101.5,0,0
INN23201,2,0,0,2,HB,0,A,0,2017,August,14,Offline TA/TO,0,0,0,109.0,0,0
INN23237,2,0,2,0,BB,0,A,0,2017,August,9,Online TA,0,0,0,98.0,2,0
INN23310,2,0,2,1,HB,0,A,145,2017,August,29,Offline TA/TO,0,0,0,94.5,0,0
INN23334,2,0,2,3,BB,0,A,179,2017,August,23,Online TA,0,0,0,76.5,1,0
INN23350,2,0,2,1,HB,0,A,124,2017,August,8,Offline TA/TO,0,0,0,94.5,0,1
INN23375,1,0,3,5,BB,0,A,6,2017,August,16,Online TA,0,0,0,85.63,2,0
INN23405,2,0,1,1,BB,0,A,1,2017,August,10,Online TA,0,0,0,114.0,0,0
INN23410,2,0,0,2,HB,0,A,39,2017,August,14,Offline TA/TO,0,0,0,101.5,0,0
INN23411,2,0,0,2,SC,0,A,0,2017,August,6,Online TA,0,0,0,81.0,0,0
INN23472,1,0,1,4,BB,0,A,23,2017,August,31,Online TA,0,0,0,92.0,1,0
INN23473,2,0,2,1,HB,0,A,145,2017,August,29,Offline TA/TO,0,0,0,94.5,0,1
INN23497,2,0,1,0,SC,0,A,0,2017,August,10,Online TA,0,0,0,75.0,0,1
INN23498,2,0,2,3,BB,0,D,188,2017,August,23,Online TA,0,0,0,89.25,1,0
INN23509,2,0,0,3,BB,0,A,12,2017,August,5,Corporate,0,0,0,65.0,0,0
INN23549,2,0,1,3,BB,0,A,5,2017,August,24,Online TA,0,0,0,90.0,2,0
INN23617,2,0,0,2,HB,0,A,39,2017,August,14,Offline TA/TO,0,0,0,101.5,0,0
INN23619,2,0,2,1,BB,0,A,120,2017,August,9,Online TA,0,0,0,76.5,2,0
INN23628,1,0,0,2,HB,0,A,39,2017,August,14,Offline TA/TO,0,0,0,87.0,0,0
INN23643,2,0,0,2,HB,0,A,39,2017,August,14,Offline TA/TO,0,0,0,109.0,0,0
INN23663,2,0,2,1,HB,0,A,138,2017,August,22,Offline TA/TO,0,0,0,94.5,0,0
INN23695,2,0,1,0,BB,0,A,137,2017,August,16,Online TA,0,0,0,76.5,0,0
INN23709,1,0,1,0,BB,0,A,3,2017,August,2,Complementary,0,0,0,0.0,1,0
INN23851,2,0,0,4,BB,0,A,177,2017,August,19,Online TA,0,0,0,76.5,2,0
INN23869,2,0,2,5,BB,0,A,8,2017,August,21,Online TA,0,0,0,85.57,0,0
INN23870,2,2,1,2,SC,0,F,11,2017,August,21,Online TA,0,0,0,153.0,1,0
INN23885,2,0,2,1,HB,0,A,138,2017,August,22,Offline TA/TO,0,0,0,94.5,0,1
INN23914,2,0,0,4,BB,0,A,204,2017,August,12,Online TA,0,0,0,76.5,3,0
INN23941,2,0,0,2,HB,0,A,0,2017,August,14,Offline TA/TO,0,0,0,109.0,0,0
INN23963,2,0,0,1,BB,0,A,2,2017,August,13,Online TA,0,0,0,124.0,2,0
INN23994,1,0,1,0,BB,0,B,2,2017,August,2,Complementary,0,0,0,0.0,0,0
INN23997,2,0,2,2,BB,0,A,149,2017,August,29,Online TA,0,0,0,80.75,0,1
INN24009,2,0,2,1,HB,0,A,5,2017,August,15,Offline TA/TO,0,0,0,94.5,0,0
INN24067,2,0,0,2,SC,1,A,10,2017,August,20,Online TA,0,0,0,90.0,2,0
INN24096,2,0,2,1,HB,0,A,131,2017,August,15,Offline TA/TO,0,0,0,94.5,0,0
INN24120,2,0,0,3,BB,1,E,104,2017,August,11,Online TA,0,0,0,67.9,2,0
INN24138,2,0,0,2,BB,0,A,4,2017,August,21,Online TA,0,0,0,106.0,1,0
INN24194,2,2,1,2,BB,0,F,7,2017,August,3,Complementary,0,0,0,0.0,2,0
INN24340,2,0,2,5,BB,0,E,15,2017,August,27,Online TA,0,0,0,85.29,1,1
INN24345,2,0,2,1,HB,0,A,131,2017,August,15,Offline TA/TO,0,0,0,94.5,0,0
INN24376,2,0,0,2,HB,0,A,39,2017,August,14,Offline TA/TO,0,0,0,109.0,0,0
INN24491,2,0,0,2,HB,0,A,0,2017,August,14,Offline TA/TO,0,0,0,109.0,0,0
INN24515,2,0,1,0,SC,0,A,0,2017,August,10,Online TA,0,0,0,115.0,0,0
INN24540,2,0,2,3,BB,0,A,90,2017,August,23,Online TA,0,0,0,76.5,1,0
INN24546,2,0,1,0,SC,0,A,1,2017,August,9,Online TA,0,0,0,89.0,0,0
INN24570,2,0,0,1,BB,0,A,117,2017,August,22,Online TA,0,0,0,76.5,0,1
INN24571,2,0,0,2,BB,0,A,0,2017,August,4,Complementary,0,0,0,0.0,0,0
INN24599,3,0,2,1,HB,0,A,3,2017,August,22,Offline TA/TO,0,0,0,138.5,1,0
INN24641,1,0,0,2,HB,0,A,39,2017,August,14,Offline TA/TO,0,0,0,87.0,0,0
INN24667,2,0,2,4,BB,0,A,0,2017,August,7,Online TA,0,0,0,90.0,2,0
INN24677,2,0,0,2,HB,0,A,0,2017,August,14,Offline TA/TO,0,0,0,109.0,0,0
INN24694,2,1,1,1,BB,0,A,128,2017,August,8,Online TA,0,0,0,76.5,2,0
INN24746,2,0,0,1,BB,0,A,0,2017,August,4,Online TA,0,0,0,90.0,0,0
INN24761,2,0,2,1,HB,0,A,117,2017,August,1,Offline TA/TO,0,0,0,94.5,0,1
INN24867,1,0,0,1,BB,0,A,0,2017,August,5,Complementary,0,0,0,0.0,0,0
INN24934,2,1,0,1,BB,0,D,1,2017,August,26,Complementary,0,0,0,0.0,2,0
INN24988,2,0,2,1,HB,0,A,4,2017,August,8,Offline TA/TO,0,0,0,94.5,0,0
INN24999,1,0,1,2,BB,0,A,0,2017,August,3,Corporate,0,0,0,65.0,0,0
INN25076,2,0,2,2,SC,0,A,5,2017,August,16,Online TA,0,0,0,92.25,0,0
INN25180,2,2,1,1,SC,0,F,7,2017,August,17,Online TA,0,0,0,153.0,0,0
INN25190,2,0,0,4,BB,0,A,15,2017,August,18,Offline TA/TO,0,0,0,75.0,0,0
INN25255,1,0,0,1,BB,0,B,0,2017,August,5,Complementary,0,0,0,0.0,0,0
INN25314,2,0,0,1,BB,0,A,1,2017,August,19,Online TA,0,0,0,106.0,0,0
INN25353,2,0,1,1,BB,0,A,16,2017,August,29,Online TA,0,0,0,90.0,2,0
INN25375,2,0,2,1,BB,0,A,130,2017,August,1,Online TA,0,0,0,76.5,1,1
INN25403,2,0,0,1,BB,0,A,107,2017,August,12,Online TA,0,0,0,76.5,0,0
INN25447,2,0,1,0,SC,0,A,1,2017,August,9,Online TA,0,0,0,98.0,0,0
INN25464,2,0,0,2,BB,0,A,12,2017,August,25,Online TA,0,0,0,12.0,1,0
INN25478,2,0,0,1,BB,0,A,0,2017,August,11,Online TA,0,0,0,99.0,1,0
INN25544,2,2,1,1,BB,0,F,15,2017,August,29,Online TA,0,0,0,153.0,0,1
INN25569,2,0,0,2,BB,0,A,1,2017,August,20,Online TA,0,0,0,106.0,3,0
INN25616,2,0,2,2,BB,0,A,8,2017,August,16,Online TA,0,0,0,90.0,0,0
INN25622,2,0,0,3,BB,0,A,12,2017,August,5,Corporate,0,0,0,65.0,0,0
INN25623,2,0,0,3,BB,0,A,2,2017,August,12,Online TA,0,0,0,98.0,2,0
INN25690,2,0,0,4,BB,0,A,189,2017,August,11,Online TA,0,0,0,76.5,3,0
INN25783,2,0,0,2,HB,0,A,39,2017,August,14,Offline TA/TO,0,0,0,109.0,0,0
INN25787,1,0,2,1,HB,0,A,124,2017,August,8,Offline TA/TO,0,0,0,72.5,0,0
INN25888,3,0,2,1,HB,0,A,117,2017,August,1,Offline TA/TO,0,0,0,138.5,0,0
INN25913,2,2,0,3,BB,1,F,7,2017,August,18,Online TA,0,0,0,162.0,0,0
INN25962,2,0,2,1,HB,0,A,131,2017,August,15,Offline TA/TO,0,0,0,94.5,0,1
INN25998,2,0,0,2,HB,0,A,39,2017,August,14,Offline TA/TO,0,0,0,109.0,0,0
INN26017,2,0,2,1,HB,0,E,117,2017,August,1,Offline TA/TO,0,0,0,89.75,0,0
INN26019,2,0,2,1,HB,0,A,124,2017,August,8,Offline TA/TO,0,0,0,94.5,0,1
INN26047,2,0,0,1,BB,0,A,0,2017,August,8,Online TA,0,0,0,98.0,1,0
INN26057,2,0,0,2,BB,0,A,4,2017,August,21,Online TA,0,0,0,106.0,1,0
INN26099,2,0,2,1,HB,0,A,5,2017,August,15,Offline TA/TO,0,0,0,94.5,0,0
INN26143,2,0,2,1,HB,0,A,138,2017,August,22,Offline TA/TO,0,0,0,94.5,0,0
INN26163,2,0,2,1,HB,0,A,138,2017,August,22,Offline TA/TO,0,0,0,94.5,0,0
INN26173,2,0,0,1,BB,0,A,4,2017,August,15,Online TA,0,0,0,124.0,1,0
INN26177,1,0,0,1,BB,0,A,4,2017,August,18,Corporate,0,0,0,84.0,0,1
INN26189,1,0,0,3,BB,0,A,12,2017,August,5,Corporate,0,0,0,60.0,0,0
INN26262,2,1,0,2,SC,0,A,0,2017,August,19,Online TA,0,0,0,97.0,3,0
INN26304,2,0,2,1,HB,0,A,131,2017,August,15,Offline TA/TO,0,0,0,94.5,0,1
INN26328,2,2,1,2,BB,0,F,0,2017,August,31,Online TA,0,0,0,155.33,0,0
INN26330,2,0,4,9,SC,0,A,0,2017,August,19,Online TA,0,0,0,85.92,1,0
INN26334,2,0,1,5,SC,0,A,6,2017,August,10,Online TA,0,0,0,80.0,1,0
INN26340,2,0,0,3,BB,0,A,147,2017,August,11,Online TA,0,0,0,76.5,0,1
INN26392,2,0,1,1,BB,0,A,16,2017,August,29,Online TA,0,0,0,90.0,2,0
INN26441,2,0,0,2,HB,0,A,39,2017,August,14,Offline TA/TO,0,0,0,101.5,0,0
INN26474,2,0,0,2,HB,0,A,39,2017,August,14,Offline TA/TO,0,0,0,101.5,0,0
INN26503,2,0,0,1,BB,0,A,200,2017,August,22,Online TA,0,0,0,76.5,3,0
INN26564,2,0,0,3,BB,0,A,9,2017,August,19,Online TA,0,0,0,81.0,1,0
INN26570,2,0,0,1,BB,0,A,11,2017,August,29,Online TA,0,0,0,90.0,1,0
INN26637,2,0,1,2,BB,0,A,0,2017,August,21,Online TA,0,0,0,124.0,0,1
INN26648,2,0,0,3,BB,1,A,119,2017,August,13,Online TA,0,0,0,76.5,2,0
INN26752,2,0,0,3,BB,0,A,0,2017,August,12,Online TA,0,0,0,138.0,0,0
INN26763,2,0,2,0,BB,0,A,150,2017,August,2,Online TA,0,0,0,76.5,1,0
INN26764,2,0,1,1,BB,0,A,1,2017,August,8,Online TA,0,0,0,90.0,2,0
INN26778,1,0,2,1,HB,0,A,145,2017,August,29,Offline TA/TO,0,0,0,36.25,0,0
INN26791,2,0,0,2,HB,0,A,0,2017,August,14,Offline TA/TO,0,0,0,109.0,0,0
INN26830,2,0,1,4,BB,0,A,11,2017,August,17,Online TA,0,0,0,90.0,2,1
INN26832,2,0,0,1,BB,0,A,200,2017,August,22,Online TA,0,0,0,76.5,3,0
INN26845,2,0,1,2,BB,0,A,162,2017,August,28,Online TA,0,0,0,76.5,1,1
INN26846,2,0,0,2,HB,0,A,39,2017,August,14,Offline TA/TO,0,0,0,109.0,0,0
INN26869,1,0,0,3,BB,0,A,12,2017,August,5,Complementary,0,0,0,0.0,0,0
INN26876,2,0,0,2,BB,0,A,2,2017,August,21,Online TA,0,0,0,106.0,2,0
INN26883,2,0,0,1,BB,0,A,97,2017,August,19,Online TA,0,0,0,76.5,1,0
INN26932,0,2,0,1,BB,0,E,15,2017,August,28,Complementary,0,0,0,0.0,1,0
INN27018,2,0,2,5,BB,0,A,96,2017,August,22,Online TA,0,0,0,76.5,0,1
INN27074,2,0,1,0,SC,0,A,6,2017,August,23,Online TA,0,0,0,81.0,0,0
INN27089,1,0,0,3,BB,0,A,1,2017,August,5,Corporate,0,0,0,60.0,0,1
INN27099,2,0,2,1,HB,0,A,124,2017,August,8,Offline TA/TO,0,0,0,94.5,0,1
INN27118,2,0,2,2,BB,0,A,3,2017,August,14,Online TA,0,0,0,146.0,1,0
INN27138,2,0,0,2,HB,0,A,39,2017,August,14,Offline TA/TO,0,0,0,101.5,0,0
INN27226,2,0,0,2,HB,0,A,0,2017,August,14,Offline TA/TO,0,0,0,109.0,0,0
INN27336,1,0,0,2,HB,0,A,39,2017,August,14,Offline TA/TO,0,0,0,87.0,0,0
INN27423,2,2,0,1,BB,0,F,0,2017,August,26,Online TA,0,0,0,156.0,2,0
INN27439,2,0,0,4,SC,0,A,135,2017,August,19,Online TA,0,0,0,55.08,0,1
INN27499,2,0,2,1,HB,0,A,145,2017,August,29,Offline TA/TO,0,0,0,94.5,0,0
INN27630,2,0,0,2,HB,0,A,39,2017,August,14,Offline TA/TO,0,0,0,101.5,0,0
INN27635,3,0,2,1,HB,0,A,145,2017,August,29,Offline TA/TO,0,0,0,138.5,1,0
INN27641,2,0,0,2,HB,0,A,39,2017,August,14,Offline TA/TO,0,0,0,101.5,0,0
INN27657,2,0,0,2,HB,0,A,39,2017,August,14,Offline TA/TO,0,0,0,101.5,0,0
INN27672,2,0,0,3,BB,0,A,12,2017,August,5,Corporate,0,0,0,65.0,0,0
INN27684,2,0,0,4,BB,0,A,204,2017,August,12,Online TA,0,0,0,76.5,3,0
INN27698,2,0,0,1,BB,0,A,5,2017,August,12,Offline TA/TO,0,0,0,75.0,0,0
INN27704,2,0,1,4,BB,0,A,9,2017,August,31,Online TA,0,0,0,109.0,2,0
INN27708,2,0,0,2,BB,0,A,11,2017,August,18,Corporate,0,0,0,75.0,0,1
INN27714,1,0,1,1,BB,0,A,4,2017,August,17,Online TA,0,0,0,128.0,3,0
INN27753,2,0,0,3,BB,0,A,12,2017,August,5,Corporate,0,0,0,65.0,0,0
INN27778,1,0,0,2,HB,0,A,39,2017,August,14,Offline TA/TO,0,0,0,87.0,0,0
INN27782,2,0,1,0,SC,0,A,0,2017,August,10,Online TA,0,0,0,75.0,0,1
INN27815,1,0,2,1,HB,0,A,117,2017,August,1,Offline TA/TO,0,0,0,72.5,0,0
INN27838,2,0,0,2,HB,0,A,39,2017,August,14,Offline TA/TO,0,0,0,101.5,0,0
INN27855,2,0,0,2,HB,0,A,39,2017,August,14,Offline TA/TO,0,0,0,109.0,0,0
INN27879,2,0,2,2,SC,0,A,2,2017,August,21,Online TA,0,0,0,89.0,2,0
INN28016,2,0,2,1,HB,0,A,138,2017,August,22,Offline TA/TO,0,0,0,94.5,0,1
INN28028,2,0,1,3,BB,0,A,3,2017,August,17,Corporate,0,0,0,130.0,0,1
INN28033,2,0,1,4,BB,0,A,5,2017,August,10,Online TA,0,0,0,90.0,0,1
INN28061,2,0,0,2,HB,0,A,39,2017,August,14,Offline TA/TO,0,0,0,101.5,0,0
INN28065,2,0,0,2,HB,0,A,0,2017,August,14,Offline TA/TO,0,0,0,109.0,0,0
INN28066,2,0,0,1,BB,0,A,22,2017,August,21,Offline TA/TO,0,0,0,75.0,0,0
INN28096,2,0,0,2,HB,0,A,39,2017,August,14,Offline TA/TO,0,0,0,101.5,0,0
INN28156,1,0,2,1,BB,0,A,1,2017,August,29,Online TA,0,0,0,96.0,0,0
INN28161,2,0,2,1,HB,0,A,11,2017,August,15,Offline TA/TO,0,0,0,94.5,0,0
INN28238,1,0,2,3,BB,0,A,6,2017,August,23,Online TA,0,0,0,80.0,2,0
INN28270,2,0,2,1,HB,0,A,117,2017,August,1,Offline TA/TO,0,0,0,94.5,0,1
INN28288,2,0,1,0,BB,0,A,8,2017,August,16,Online TA,0,0,0,99.0,1,1
INN28401,2,0,2,3,BB,0,A,135,2017,August,1,Online TA,0,0,0,76.5,3,0
INN28422,2,0,2,1,HB,0,A,124,2017,August,8,Offline TA/TO,0,0,0,94.5,0,0
INN28423,2,0,0,2,HB,0,A,39,2017,August,14,Offline TA/TO,0,0,0,109.0,0,0
INN28429,2,0,0,2,HB,0,A,39,2017,August,14,Offline TA/TO,0,0,0,101.5,0,0
INN28446,1,0,0,2,BB,0,A,1,2017,August,18,Corporate,0,0,0,65.0,0,0
INN28450,2,0,0,4,BB,0,A,4,2017,August,18,Online TA,0,0,0,90.5,2,0
INN28525,2,0,0,3,BB,0,A,12,2017,August,5,Corporate,0,0,0,65.0,0,0
INN28572,2,0,0,4,BB,0,A,8,2017,August,26,Online TA,0,0,0,90.0,2,0
INN28579,2,0,1,2,BB,0,A,6,2017,August,17,Online TA,0,0,0,100.0,2,0
INN28680,2,0,1,3,BB,0,A,5,2017,August,31,Online TA,0,0,0,105.25,1,0
INN28682,2,0,0,3,BB,0,A,8,2017,August,18,Online TA,0,0,0,95.0,2,0
INN28864,2,0,0,2,BB,0,A,0,2017,August,6,Online TA,0,0,0,90.0,1,0
INN28867,2,0,2,0,BB,0,A,150,2017,August,2,Online TA,0,0,0,76.5,1,0
INN28895,2,0,2,1,HB,0,A,117,2017,August,1,Offline TA/TO,0,0,0,94.5,0,1
INN28902,2,0,0,3,BB,1,A,18,2017,August,26,Online TA,0,0,0,93.0,0,0
INN28942,2,0,1,2,BB,0,A,107,2017,August,21,Online TA,0,0,0,76.5,1,1
INN28969,2,0,2,4,BB,0,A,123,2017,August,9,Offline TA/TO,0,0,0,63.75,1,0
INN29014,2,0,2,1,HB,0,A,124,2017,August,8,Offline TA/TO,0,0,0,94.5,0,1
INN29025,1,0,2,3,BB,0,A,6,2017,August,14,Online TA,0,0,0,83.2,1,0
INN29035,2,0,1,2,BB,0,A,0,2017,August,21,Online TA,0,0,0,124.0,0,1
INN29039,2,0,2,1,HB,0,A,131,2017,August,15,Offline TA/TO,0,0,0,94.5,0,1
INN29060,1,0,0,2,SC,0,A,0,2017,August,6,Online TA,0,0,0,0.0,0,0
INN29077,1,0,1,3,BB,0,A,179,2017,August,31,Online TA,0,0,0,77.56,1,0
INN29118,2,0,0,1,BB,1,A,2,2017,August,12,Online TA,0,0,0,114.0,1,0
INN29128,2,0,0,3,BB,1,A,0,2017,August,11,Online TA,0,0,0,133.0,2,0
INN29178,2,0,0,2,HB,0,A,39,2017,August,14,Offline TA/TO,0,0,0,101.5,0,0
INN29183,2,0,3,5,BB,0,A,21,2017,August,31,Online TA,0,0,0,103.13,0,0
INN29217,2,0,0,2,HB,0,A,39,2017,August,14,Offline TA/TO,0,0,0,109.0,0,0
INN29251,2,0,0,1,BB,0,E,107,2017,August,12,Online TA,0,0,0,76.5,1,0
INN29260,1,0,0,2,BB,0,A,0,2017,August,11,Online TA,0,0,0,144.0,0,0
INN29329,2,0,0,1,SC,0,A,0,2017,August,6,Online TA,0,0,0,81.0,0,0
INN29360,2,0,2,4,SC,0,A,1,2017,August,8,Online TA,0,0,0,81.0,0,0
INN29383,2,0,2,1,HB,0,A,1,2017,August,29,Offline TA/TO,0,0,0,47.25,0,0
INN29417,2,0,2,3,BB,0,A,151,2017,August,21,Online TA,0,0,0,76.5,2,0
INN29494,2,0,2,5,HB,0,A,5,2017,August,25,Offline TA/TO,0,0,0,100.0,1,0
INN29523,1,0,0,2,HB,0,A,39,2017,August,14,Offline TA/TO,0,0,0,87.0,0,0
INN29542,2,0,1,3,BB,0,A,2,2017,August,17,Online TA,0,0,0,122.0,2,0
INN29682,2,0,2,3,BB,0,A,16,2017,August,13,Offline TA/TO,0,0,0,50.4,0,0
INN29704,2,0,0,2,HB,0,A,39,2017,August,14,Offline TA/TO,0,0,0,109.0,0,0
INN29800,2,0,0,1,BB,0,A,4,2017,August,15,Online TA,0,0,0,124.0,1,0
INN29832,1,0,2,1,HB,0,A,117,2017,August,1,Offline TA/TO,0,0,0,72.5,0,0
INN29900,2,0,3,9,BB,0,A,0,2017,August,19,Online TA,0,0,0,106.84,2,0
INN29911,2,0,2,1,BB,0,A,83,2017,August,2,Online TA,0,0,0,76.5,1,0
INN29924,2,0,2,1,HB,0,A,145,2017,August,29,Offline TA/TO,0,0,0,94.5,0,0
INN29944,2,0,0,2,HB,0,A,0,2017,August,14,Offline TA/TO,0,0,0,109.0,0,0
INN30043,2,0,0,2,HB,0,A,39,2017,August,14,Offline TA/TO,0,0,0,109.0,0,0
INN30070,2,0,2,1,HB,0,A,138,2017,August,22,Offline TA/TO,0,0,0,94.5,0,1
INN30125,2,0,2,3,BB,0,A,0,2017,August,8,Online TA,0,0,0,88.0,0,0
INN30140,2,0,0,5,BB,1,A,8,2017,August,18,Online TA,0,0,0,93.0,1,0
INN30234,1,0,0,1,SC,0,A,0,2017,August,6,Online TA,0,0,0,81.0,0,0
INN30244,2,0,0,3,BB,0,A,12,2017,August,5,Corporate,0,0,0,65.0,0,0
INN30318,2,0,2,1,HB,0,A,145,2017,August,29,Offline TA/TO,0,0,0,94.5,0,0
INN30465,1,0,0,1,BB,0,A,0,2017,August,11,Corporate,0,0,0,88.0,0,0
INN30467,2,0,1,4,BB,0,A,9,2017,August,31,Online TA,0,0,0,109.0,2,1
INN30503,2,1,1,0,BB,0,D,1,2017,August,24,Online TA,1,0,2,123.5,3,0
INN30523,1,0,2,5,BB,0,A,8,2017,August,19,Online TA,0,0,0,80.0,2,0
INN30539,2,0,0,2,HB,0,A,39,2017,August,14,Offline TA/TO,0,0,0,109.0,0,0
INN30656,3,0,0,3,BB,0,A,3,2017,August,13,Online TA,0,0,0,140.0,1,0
INN30684,2,0,1,5,BB,0,A,5,2017,August,10,Online TA,0,0,0,90.0,2,0
INN30692,2,0,1,2,BB,0,A,6,2017,August,24,Online TA,0,0,0,90.0,0,0
INN30697,2,0,0,2,HB,0,A,39,2017,August,14,Offline TA/TO,0,0,0,101.5,0,0
INN30730,2,0,2,1,HB,0,A,124,2017,August,8,Offline TA/TO,0,0,0,94.5,0,0
INN30749,2,0,2,4,BB,0,A,90,2017,August,16,Online TA,0,0,0,76.5,0,1
INN30783,2,2,1,1,BB,0,F,5,2017,August,15,Online TA,0,0,0,162.0,1,1
INN30832,3,0,0,2,BB,0,A,85,2017,August,11,Online TA,0,0,0,50.3,0,1
INN30900,2,0,0,2,HB,0,A,39,2017,August,14,Offline TA/TO,0,0,0,109.0,0,0
INN30920,2,0,1,1,BB,0,A,16,2017,August,31,Online TA,0,0,0,97.5,0,0
INN30921,2,0,1,4,BB,0,A,111,2017,August,3,Online TA,0,0,0,76.5,0,0
INN30936,2,0,2,1,BB,0,A,0,2017,August,22,Online TA,0,0,0,106.67,1,0
INN30938,1,0,2,5,BB,0,A,180,2017,August,16,Online TA,0,0,0,49.74,0,1
INN30960,2,0,2,1,HB,0,A,131,2017,August,15,Offline TA/TO,0,0,0,94.5,0,1
INN30963,2,0,0,2,HB,0,A,39,2017,August,14,Offline TA/TO,0,0,0,101.5,0,0
INN31006,2,0,2,2,SC,0,A,1,2017,August,9,Online TA,0,0,0,89.0,1,0
INN31022,2,0,2,3,BB,0,A,1,2017,August,20,Online TA,0,0,0,113.6,2,0
INN31064,2,0,0,4,HB,0,A,1,2017,August,18,Offline TA/TO,0,0,0,109.8,0,0
INN31066,2,0,2,2,BB,0,A,125,2017,August,7,Online TA,0,0,0,76.5,1,1
INN31076,2,0,1,5,BB,0,A,1,2017,August,4,Online TA,0,0,0,80.0,2,0
INN31125,1,0,0,1,BB,0,A,7,2017,August,28,Corporate,1,1,2,65.0,0,0
INN31134,2,0,2,1,HB,0,A,5,2017,August,15,Offline TA/TO,0,0,0,47.25,0,0
INN31247,2,0,1,3,BB,0,A,4,2017,August,17,Online TA,0,0,0,122.0,3,0
INN31290,2,0,0,2,HB,0,A,0,2017,August,14,Offline TA/TO,0,0,0,109.0,0,0
INN31293,2,0,0,2,HB,0,A,39,2017,August,14,Offline TA/TO,0,0,0,101.5,0,0
INN31329,2,0,1,2,BB,0,A,2,2017,August,17,Online TA,0,0,0,127.33,1,0
INN31362,2,0,0,1,BB,0,A,1,2017,August,25,Online TA,0,0,0,106.0,2,0
INN31377,1,0,2,1,BB,0,A,4,2017,August,23,Complementary,0,0,0,0.0,1,0
INN31508,2,0,2,1,HB,0,A,145,2017,August,29,Offline TA/TO,0,0,0,94.5,0,0
INN31525,2,0,2,1,HB,0,A,138,2017,August,22,Offline TA/TO,0,0,0,94.5,0,1
INN31534,1,0,0,1,BB,0,A,0,2017,August,20,Online TA,0,0,0,114.0,1,0
INN31540,2,0,1,4,BB,0,A,7,2017,August,12,Online TA,0,0,0,90.0,1,1
INN31564,2,0,0,0,BB,0,A,0,2017,August,13,Online TA,0,0,0,0.0,2,0
INN31658,2,0,0,2,HB,0,A,39,2017,August,14,Offline TA/TO,0,0,0,101.5,0,0
INN31679,1,0,1,1,BB,0,A,3,2017,August,10,Offline TA/TO,0,0,0,75.0,0,0
INN31696,2,0,0,2,HB,0,A,39,2017,August,14,Offline TA/TO,0,0,0,101.5,0,0
INN31745,1,0,1,2,BB,0,A,10,2017,August,21,Online TA,0,0,0,80.0,2,0
INN31760,2,0,1,3,BB,0,A,1,2017,August,10,Online TA,0,0,0,105.0,0,0
INN31780,2,0,2,1,HB,0,A,138,2017,August,22,Offline TA/TO,0,0,0,94.5,0,0
INN31788,2,0,0,2,BB,0,A,4,2017,August,11,Corporate,0,0,0,75.0,0,0
INN31822,2,0,2,1,HB,0,A,138,2017,August,22,Offline TA/TO,0,0,0,94.5,0,1
INN31862,2,2,1,2,BB,0,F,10,2017,August,21,Online TA,0,0,0,153.0,2,0
INN31897,2,0,0,2,HB,0,A,39,2017,August,14,Offline TA/TO,0,0,0,101.5,0,0
INN31910,2,0,0,2,SC,0,A,14,2017,August,18,Online TA,0,0,0,80.0,1,0
INN31950,2,0,2,1,HB,0,A,138,2017,August,22,Offline TA/TO,0,0,0,94.5,0,1
INN31996,2,0,1,2,BB,0,A,7,2017,August,24,Online TA,0,0,0,90.0,1,0
INN31999,2,0,0,2,HB,0,A,39,2017,August,14,Offline TA/TO,0,0,0,101.5,0,0
INN32023,2,1,1,3,BB,0,A,7,2017,August,20,Online TA,0,0,0,119.5,1,1
INN32027,2,0,1,0,BB,0,A,11,2017,August,24,Online TA,0,0,0,90.0,1,0
INN32059,2,0,1,0,BB,0,A,1,2017,August,10,Online TA,0,0,0,105.0,0,0
INN32074,2,0,0,2,HB,0,A,39,2017,August,14,Offline TA/TO,0,0,0,101.5,0,0
INN32090,1,0,2,1,HB,0,A,145,2017,August,29,Offline TA/TO,0,0,0,72.5,0,0
INN32125,2,0,1,0,BB,0,A,1,2017,August,10,Online TA,0,0,0,96.0,0,0
INN32181,2,0,2,4,BB,0,A,94,2017,August,1,Online TA,0,0,0,76.5,0,0
INN32251,2,2,2,3,BB,1,F,5,2017,August,16,Online TA,0,0,0,162.0,2,0
INN32297,2,0,1,4,BB,0,A,3,2017,August,17,Corporate,0,0,0,119.0,0,1
INN32317,2,0,1,3,BB,0,A,3,2017,August,31,Offline TA/TO,0,0,0,46.54,0,0
INN32318,2,0,1,3,BB,0,A,0,2017,August,13,Online TA,0,0,0,146.0,1,0
INN32340,2,0,1,3,BB,0,A,18,2017,August,31,Online TA,0,0,0,101.25,1,1
INN32355,2,0,2,4,BB,0,A,6,2017,August,5,Offline TA/TO,0,0,0,70.0,0,0
INN32441,2,0,0,2,HB,0,A,1,2017,August,14,Offline TA/TO,0,0,0,101.5,0,0
INN32521,1,0,0,2,HB,0,A,39,2017,August,14,Offline TA/TO,0,0,0,87.0,0,0
INN32550,2,0,2,5,BB,0,A,2,2017,August,19,Online TA,0,0,0,99.14,0,0
INN32569,2,0,1,2,BB,0,E,0,2017,August,24,Offline TA/TO,0,0,0,67.5,0,0
INN32577,2,0,2,5,BB,0,A,3,2017,August,17,Corporate,0,0,0,136.0,0,1
INN32604,1,0,0,2,BB,0,A,47,2017,August,18,Offline TA/TO,0,0,0,100.0,1,0
INN32616,2,1,2,2,BB,0,A,1,2017,August,7,Online TA,0,0,0,90.0,2,0
INN32653,2,0,1,1,BB,0,A,3,2017,August,10,Online TA,0,0,0,90.0,1,0
INN32654,2,0,0,3,BB,0,A,0,2017,August,13,Online TA,0,0,0,148.67,0,1
INN32820,1,0,0,1,BB,0,A,0,2017,August,11,Corporate,0,0,0,88.0,0,0
INN32838,2,0,0,2,HB,0,A,39,2017,August,14,Offline TA/TO,0,0,0,101.5,0,0
INN32916,1,0,2,1,HB,0,A,117,2017,August,1,Offline TA/TO,0,0,0,72.5,0,0
INN32944,2,0,3,9,BB,0,A,227,2017,August,17,Online TA,0,0,0,76.5,3,0
INN32966,1,0,0,3,BB,0,A,12,2017,August,5,Corporate,0,0,0,60.0,0,0
INN32980,2,0,0,2,HB,0,A,39,2017,August,14,Offline TA/TO,0,0,0,101.5,0,0
INN32991,2,0,0,2,HB,0,A,39,2017,August,14,Offline TA/TO,0,0,0,101.5,0,0
INN33031,1,0,0,1,BB,0,A,1,2017,August,19,Corporate,0,0,0,65.0,0,0
INN33118,2,0,2,3,BB,0,A,1,2017,August,8,Online TA,0,0,0,98.0,0,0
INN33158,2,2,0,1,BB,0,F,3,2017,August,29,Online TA,0,0,0,156.0,0,0
INN33169,2,0,2,4,BB,0,A,17,2017,August,29,Online TA,0,0,0,97.5,1,1
INN33197,2,0,1,3,BB,0,A,10,2017,August,17,Online TA,0,0,0,99.0,1,1
INN33202,2,2,1,0,BB,0,F,1,2017,August,9,Online TA,0,0,0,153.0,2,0
INN33235,3,0,2,1,HB,0,A,138,2017,August,22,Offline TA/TO,0,0,0,138.5,1,0
INN33261,2,0,2,3,BB,0,A,9,2017,August,23,Online TA,0,0,0,90.0,2,0
INN33288,1,0,0,2,BB,0,A,0,2017,August,11,Online TA,0,0,0,144.0,0,0
INN33308,2,0,0,3,BB,0,A,12,2017,August,5,Corporate,0,0,0,65.0,0,0
INN33324,2,0,0,2,HB,0,A,0,2017,August,14,Offline TA/TO,0,0,0,109.0,0,0
INN33416,2,0,0,1,BB,0,A,1,2017,August,11,Online TA,0,0,0,124.0,0,0
INN33497,2,0,2,3,BB,0,A,87,2017,August,13,Online TA,0,0,0,76.5,0,1
INN33546,2,0,0,1,BB,0,A,0,2017,August,6,Online TA,0,0,0,90.0,0,0
INN33649,1,0,0,3,BB,0,A,12,2017,August,5,Corporate,0,0,0,60.0,0,0
INN33671,1,0,0,1,BB,0,A,0,2017,August,19,Corporate,1,1,1,65.0,0,0
INN33675,2,0,0,2,SC,1,A,0,2017,August,4,Online TA,0,0,0,80.0,1,0
INN33693,1,0,1,0,BB,0,A,2,2017,August,30,Online TA,0,0,0,96.0,1,0
INN33787,1,0,0,3,BB,0,A,7,2017,August,5,Offline TA/TO,0,0,0,61.0,0,0
INN33800,2,0,0,1,BB,1,A,1,2017,August,11,Online TA,0,0,0,105.0,1,0
INN33952,1,0,0,1,BB,0,A,1,2017,August,11,Corporate,0,0,0,70.0,0,0
INN33993,2,0,2,2,BB,0,A,119,2017,August,14,Online TA,0,0,0,76.5,1,0
INN34021,1,0,1,3,BB,0,A,0,2017,August,10,Online TA,0,0,0,114.0,0,0
INN34041,2,0,0,2,BB,0,A,97,2017,August,11,Online TA,0,0,0,76.5,0,1
INN34170,2,0,0,1,BB,0,A,5,2017,August,20,Online TA,0,0,0,105.0,2,0
INN34193,2,0,0,2,BB,0,A,2,2017,August,13,Online TA,0,0,0,75.0,0,0
INN34209,2,0,2,1,HB,0,A,138,2017,August,22,Offline TA/TO,0,0,0,94.5,0,0
INN34296,2,0,1,1,SC,0,A,2,2017,August,10,Online TA,0,0,0,89.0,2,0
INN34326,2,0,2,0,SC,0,A,0,2017,August,9,Online TA,0,0,0,96.0,0,0
INN34372,2,0,1,2,BB,0,A,150,2017,August,14,Online TA,0,0,0,76.5,1,0
INN34403,2,0,1,1,SC,0,A,0,2017,August,22,Online TA,0,0,0,98.0,1,0
INN34413,2,2,0,1,BB,0,F,13,2017,August,27,Online TA,0,0,0,153.0,2,0
INN34416,2,0,0,1,BB,0,A,0,2017,August,6,Online TA,0,0,0,90.0,2,0
INN34465,2,0,0,1,BB,0,A,0,2017,August,11,Online TA,0,0,0,111.6,0,0
INN34513,2,0,0,2,HB,0,A,39,2017,August,14,Offline TA/TO,0,0,0,101.5,0,0
INN34545,1,0,0,2,BB,0,A,11,2017,August,18,Corporate,0,0,0,67.0,0,1
INN34562,2,0,2,1,HB,0,A,124,2017,August,8,Offline TA/TO,0,0,0,94.5,0,1
INN34591,2,0,2,1,HB,0,A,138,2017,August,22,Offline TA/TO,0,0,0,94.5,0,1
INN34653,2,0,1,1,BB,0,F,13,2017,August,24,Online TA,0,0,0,153.0,0,0
INN34717,2,1,0,1,BB,0,A,13,2017,August,7,Online TA,0,0,0,75.0,1,0
INN34743,2,0,2,1,HB,0,A,131,2017,August,15,Offline TA/TO,0,0,0,94.5,0,1
INN34795,2,0,1,1,BB,0,A,103,2017,August,8,Online TA,0,0,0,76.5,1,0
INN34822,2,0,3,10,BB,0,A,5,2017,August,18,Online TA,0,0,0,98.62,2,1
INN34850,1,0,0,1,BB,0,A,1,2017,August,5,Complementary,0,0,0,6.0,0,0
INN34864,2,0,0,2,HB,0,A,39,2017,August,14,Offline TA/TO,0,0,0,109.0,0,0
INN34911,2,0,2,7,BB,0,A,106,2017,August,13,Online TA,0,0,0,76.5,1,0
INN34923,2,0,2,1,HB,0,A,145,2017,August,29,Offline TA/TO,0,0,0,94.5,0,1
INN34925,1,0,0,1,BB,0,D,0,2017,August,18,Online TA,0,0,0,128.0,0,0
INN34944,2,0,0,1,BB,1,A,6,2017,August,14,Online TA,0,0,0,98.0,0,0
INN34967,2,0,0,2,HB,0,A,39,2017,August,14,Offline TA/TO,0,0,0,109.0,0,0
INN34994,2,0,2,1,HB,0,A,117,2017,August,1,Offline TA/TO,0,0,0,94.5,0,0
INN34995,2,1,2,5,BB,0,A,158,2017,August,7,Online TA,0,0,0,76.5,2,0
INN35006,2,0,2,1,HB,0,A,138,2017,August,22,Offline TA/TO,0,0,0,94.5,0,1
INN35015,2,0,0,4,BB,0,A,118,2017,August,26,Online TA,0,0,0,58.9,1,1
INN35071,2,0,0,2,HB,0,A,39,2017,August,14,Offline TA/TO,0,0,0,109.0,0,0
INN35130,1,0,0,1,BB,0,A,10,2017,August,28,Online TA,0,0,0,80.0,1,1
INN35203,2,0,0,2,BB,0,A,3,2017,August,20,Online TA,0,0,0,106.0,1,0
INN35310,2,0,1,3,BB,0,A,4,2017,August,17,Online TA,0,0,0,122.0,3,0
INN35330,2,0,2,1,HB,0,A,124,2017,August,8,Offline TA/TO,0,0,0,94.5,0,0
INN35341,2,0,0,3,BB,0,A,5,2017,August,13,Online TA,0,0,0,98.0,1,1
INN35395,2,0,1,4,BB,0,A,5,2017,August,10,Online TA,0,0,0,90.0,2,0
INN35411,2,0,0,2,BB,0,A,160,2017,August,5,Online TA,0,0,0,76.5,1,0
INN35422,2,0,1,2,BB,0,A,0,2017,August,21,Online TA,0,0,0,90.0,0,1
INN35441,2,0,2,1,HB,0,A,131,2017,August,15,Offline TA/TO,0,0,0,94.5,0,0
INN35555,2,0,2,6,BB,0,D,6,2017,August,13,Offline TA/TO,0,0,0,57.75,0,0
INN35616,2,1,0,1,SC,0,A,0,2017,August,25,Online TA,0,0,0,97.0,0,0
INN35640,2,0,0,1,SC,0,A,0,2017,August,8,Online TA,0,0,0,89.0,1,0
INN35642,2,0,2,1,HB,0,A,124,2017,August,8,Offline TA/TO,0,0,0,94.5,0,1
INN35645,2,0,1,3,BB,0,A,1,2017,August,10,Online TA,0,0,0,89.0,0,0
INN35703,2,0,2,5,HB,0,A,120,2017,August,20,Offline TA/TO,0,0,0,88.38,2,0
INN35742,2,0,1,2,BB,1,A,84,2017,August,3,Online TA,0,0,0,85.5,1,0
INN35755,2,0,0,3,BB,0,A,12,2017,August,5,Corporate,0,0,0,65.0,0,0
INN35843,2,1,0,1,BB,0,E,217,2017,August,7,Online TA,0,0,0,76.5,2,1
INN35861,2,0,0,2,BB,0,A,1,2017,August,20,Online TA,0,0,0,106.0,2,0
INN35904,2,0,0,2,BB,1,A,3,2017,August,11,Online TA,0,0,0,107.0,1,0
INN35943,2,0,2,1,HB,0,A,138,2017,August,22,Offline TA/TO,0,0,0,94.5,0,1
INN35945,2,0,0,2,HB,0,A,39,2017,August,14,Offline TA/TO,0,0,0,101.5,0,0
INN36012,2,0,0,2,HB,0,A,39,2017,August,14,Offline TA/TO,0,0,0,109.0,0,0
INN36094,2,0,0,2,HB,0,A,39,2017,August,14,Offline TA/TO,0,0,0,109.0,0,0
INN36137,2,0,2,1,HB,0,A,1,2017,August,22,Offline TA/TO,0,0,0,94.5,0,0
INN36160,2,0,2,1,HB,0,A,131,2017,August,15,Offline TA/TO,0,0,0,94.5,0,0
INN36165,2,0,2,2,BB,0,A,1,2017,August,22,Online TA,0,0,0,12.0,0,1
INN36218,2,0,2,1,BB,0,E,3,2017,August,9,Online TA,0,0,0,0.0,2,0
INN36223,2,0,0,4,BB,0,A,1,2017,August,12,Offline TA/TO,0,0,0,110.0,0,0
